,Entity,Code,Year,Gini coefficient
0,Albania,ALB,1996,0.27010342
1,Albania,ALB,2002,0.3173898
2,Albania,ALB,2005,0.30595654
3,Albania,ALB,2008,0.2998467
4,Albania,ALB,2012,0.28960484
5,Albania,ALB,2014,0.34598896
6,Albania,ALB,2015,0.32753733
7,Albania,ALB,2016,0.33736297
8,Albania,ALB,2017,0.33055663
9,Albania,ALB,2018,0.30148283
10,Albania,ALB,2019,0.30115768
11,Albania,ALB,2020,0.2941963
12,Algeria,DZA,1988,0.40194908
13,Algeria,DZA,1995,0.35330054
14,Algeria,DZA,2011,0.27615732
15,Angola,AGO,2000,0.5195689
16,Angola,AGO,2008,0.42715514
17,Angola,AGO,2018,0.5127211
18,Argentina (urban),,1980,0.4083086
19,Argentina (urban),,1986,0.42808887
20,Argentina (urban),,1987,0.45276365
21,Argentina (urban),,1991,0.4676174
22,Argentina (urban),,1992,0.45468092
23,Argentina (urban),,1993,0.44856286
24,Argentina (urban),,1994,0.45916805
25,Argentina (urban),,1995,0.48904404
26,Argentina (urban),,1996,0.4952443
27,Argentina (urban),,1997,0.49110475
28,Argentina (urban),,1998,0.50733644
29,Argentina (urban),,1999,0.49792042
30,Argentina (urban),,2000,0.51063955
31,Argentina (urban),,2001,0.53343105
32,Argentina (urban),,2002,0.5379376
33,Argentina (urban),,2003,0.5089716
34,Argentina (urban),,2004,0.48377034
35,Argentina (urban),,2005,0.47707355
36,Argentina (urban),,2006,0.4634608
37,Argentina (urban),,2007,0.46173558
38,Argentina (urban),,2008,0.4487679
39,Argentina (urban),,2009,0.43654197
40,Argentina (urban),,2010,0.43583217
41,Argentina (urban),,2011,0.42645282
42,Argentina (urban),,2012,0.41326198
43,Argentina (urban),,2013,0.40945444
44,Argentina (urban),,2014,0.4163279
45,Argentina (urban),,2016,0.42032528
46,Argentina (urban),,2017,0.4113449
47,Argentina (urban),,2018,0.413425
48,Argentina (urban),,2019,0.4290585
49,Argentina (urban),,2020,0.42343357
50,Argentina (urban),,2021,0.42005128
51,Armenia,ARM,1996,0.44418624
52,Armenia,ARM,1999,0.36219725
53,Armenia,ARM,2001,0.3536436
54,Armenia,ARM,2002,0.34779674
55,Armenia,ARM,2003,0.33028087
56,Armenia,ARM,2004,0.37505633
57,Armenia,ARM,2005,0.35992354
58,Armenia,ARM,2006,0.29709986
59,Armenia,ARM,2007,0.31226057
60,Armenia,ARM,2008,0.2918814
61,Armenia,ARM,2009,0.2801588
62,Armenia,ARM,2010,0.29992583
63,Armenia,ARM,2011,0.29352945
64,Armenia,ARM,2012,0.29602262
65,Armenia,ARM,2013,0.30579662
66,Armenia,ARM,2014,0.3148329
67,Armenia,ARM,2015,0.32356772
68,Armenia,ARM,2016,0.32547948
69,Armenia,ARM,2017,0.3362184
70,Armenia,ARM,2018,0.344335
71,Armenia,ARM,2019,0.30031213
72,Armenia,ARM,2020,0.25131604
73,Armenia,ARM,2021,0.2794013
74,Australia,AUS,1981,0.31325787
75,Australia,AUS,1985,0.32497686
76,Australia,AUS,1989,0.33153835
77,Australia,AUS,1995,0.3258199
78,Australia,AUS,2001,0.33464798
79,Australia,AUS,2003,0.33500516
80,Australia,AUS,2004,0.3305741
81,Australia,AUS,2008,0.3542851
82,Australia,AUS,2010,0.34656727
83,Australia,AUS,2014,0.34399432
84,Australia,AUS,2016,0.3368581
85,Australia,AUS,2018,0.34333763
86,Austria,AUT,1994,0.3082802
87,Austria,AUT,1995,0.29914328
88,Austria,AUT,1996,0.29317808
89,Austria,AUT,1997,0.29065368
90,Austria,AUT,1998,0.31340772
91,Austria,AUT,1999,0.2967054
92,Austria,AUT,2000,0.28964692
93,Austria,AUT,2003,0.29466078
94,Austria,AUT,2004,0.2978899
95,Austria,AUT,2005,0.28715435
96,Austria,AUT,2006,0.29587582
97,Austria,AUT,2007,0.30579996
98,Austria,AUT,2008,0.30437386
99,Austria,AUT,2009,0.31496233
100,Austria,AUT,2010,0.30252263
101,Austria,AUT,2011,0.3080167
102,Austria,AUT,2012,0.30476317
103,Austria,AUT,2013,0.30753133
104,Austria,AUT,2014,0.30535683
105,Austria,AUT,2015,0.30532774
106,Austria,AUT,2016,0.30797073
107,Austria,AUT,2017,0.29737586
108,Austria,AUT,2018,0.3084879
109,Austria,AUT,2019,0.30211553
110,Austria,AUT,2020,0.29801792
111,Azerbaijan,AZE,1995,0.34650284
112,Azerbaijan,AZE,2001,0.36454937
113,Azerbaijan,AZE,2002,0.25277665
114,Azerbaijan,AZE,2003,0.2683288
115,Azerbaijan,AZE,2004,0.26621592
116,Azerbaijan,AZE,2005,0.26554906
117,Bangladesh,BGD,1983,0.2587649
118,Bangladesh,BGD,1985,0.26917496
119,Bangladesh,BGD,1988,0.28846547
120,Bangladesh,BGD,1991,0.27570805
121,Bangladesh,BGD,1995,0.32942984
122,Bangladesh,BGD,2000,0.33406532
123,Bangladesh,BGD,2005,0.33201292
124,Bangladesh,BGD,2010,0.3213032
125,Bangladesh,BGD,2016,0.32385272
126,Bangladesh,BGD,2022,0.3176719
127,Belarus,BLR,1993,0.2160372
128,Belarus,BLR,1995,0.2876173
129,Belarus,BLR,1998,0.3201835
130,Belarus,BLR,1999,0.31738147
131,Belarus,BLR,2000,0.31167483
132,Belarus,BLR,2001,0.30576724
133,Belarus,BLR,2002,0.30336243
134,Belarus,BLR,2003,0.28821012
135,Belarus,BLR,2004,0.26479885
136,Belarus,BLR,2005,0.2755341
137,Belarus,BLR,2006,0.28275442
138,Belarus,BLR,2007,0.2961238
139,Belarus,BLR,2008,0.27826044
140,Belarus,BLR,2009,0.27689305
141,Belarus,BLR,2010,0.285666
142,Belarus,BLR,2011,0.2715255
143,Belarus,BLR,2012,0.26526198
144,Belarus,BLR,2013,0.26575053
145,Belarus,BLR,2014,0.27176666
146,Belarus,BLR,2015,0.25633225
147,Belarus,BLR,2016,0.25306615
148,Belarus,BLR,2017,0.2544457
149,Belarus,BLR,2018,0.25240526
150,Belarus,BLR,2019,0.25277847
151,Belarus,BLR,2020,0.24383356
152,Belgium,BEL,1985,0.2520385
153,Belgium,BEL,1988,0.25714684
154,Belgium,BEL,1992,0.24951877
155,Belgium,BEL,1995,0.28412268
156,Belgium,BEL,1997,0.26832563
157,Belgium,BEL,2000,0.3313756
158,Belgium,BEL,2003,0.28143948
159,Belgium,BEL,2004,0.30541503
160,Belgium,BEL,2005,0.2933733
161,Belgium,BEL,2006,0.28054497
162,Belgium,BEL,2007,0.29237974
163,Belgium,BEL,2008,0.2837401
164,Belgium,BEL,2009,0.2855135
165,Belgium,BEL,2010,0.2837519
166,Belgium,BEL,2011,0.28060696
167,Belgium,BEL,2012,0.27491096
168,Belgium,BEL,2013,0.276692
169,Belgium,BEL,2014,0.28134146
170,Belgium,BEL,2015,0.27729464
171,Belgium,BEL,2016,0.27580982
172,Belgium,BEL,2017,0.27387968
173,Belgium,BEL,2018,0.27214414
174,Belgium,BEL,2019,0.27219802
175,Belgium,BEL,2020,0.2595833
176,Belize,BLZ,1993,0.60253984
177,Belize,BLZ,1994,0.6090843
178,Belize,BLZ,1995,0.5755428
179,Belize,BLZ,1996,0.56593686
180,Belize,BLZ,1997,0.6042532
181,Belize,BLZ,1998,0.5490603
182,Belize,BLZ,1999,0.53262764
183,Benin,BEN,2003,0.385782
184,Benin,BEN,2011,0.43439707
185,Benin,BEN,2015,0.47755915
186,Benin,BEN,2018,0.37948644
187,Bhutan,BTN,2003,0.40898
188,Bhutan,BTN,2007,0.3809077
189,Bhutan,BTN,2012,0.38809326
190,Bhutan,BTN,2017,0.3744141
191,Bhutan,BTN,2022,0.2845992
192,Bolivia,BOL,1997,0.5816443
193,Bolivia,BOL,1999,0.58097047
194,Bolivia,BOL,2000,0.61639917
195,Bolivia,BOL,2001,0.57398796
196,Bolivia,BOL,2002,0.5931104
197,Bolivia,BOL,2004,0.5500987
198,Bolivia,BOL,2005,0.58527935
199,Bolivia,BOL,2006,0.5666768
200,Bolivia,BOL,2007,0.5453707
201,Bolivia,BOL,2008,0.5081608
202,Bolivia,BOL,2009,0.49222964
203,Bolivia,BOL,2011,0.46080953
204,Bolivia,BOL,2012,0.46581927
205,Bolivia,BOL,2013,0.47589034
206,Bolivia,BOL,2014,0.47830656
207,Bolivia,BOL,2015,0.46732494
208,Bolivia,BOL,2016,0.45244002
209,Bolivia,BOL,2017,0.44618952
210,Bolivia,BOL,2018,0.42579758
211,Bolivia,BOL,2019,0.41644758
212,Bolivia,BOL,2020,0.43645486
213,Bolivia,BOL,2021,0.40913323
214,Bolivia (urban),,1990,0.42035723
215,Bolivia (urban),,1992,0.49110052
216,Bosnia and Herzegovina,BIH,2001,0.2996645
217,Bosnia and Herzegovina,BIH,2004,0.3403749
218,Bosnia and Herzegovina,BIH,2007,0.33061588
219,Bosnia and Herzegovina,BIH,2011,0.33030185
220,Botswana,BWA,1985,0.54212105
221,Botswana,BWA,1993,0.6079065
222,Botswana,BWA,2002,0.64731306
223,Botswana,BWA,2009,0.6045905
224,Botswana,BWA,2015,0.5332503
225,Brazil,BRA,1981,0.5793085
226,Brazil,BRA,1982,0.58417106
227,Brazil,BRA,1983,0.5898801
228,Brazil,BRA,1984,0.58376044
229,Brazil,BRA,1985,0.5558679
230,Brazil,BRA,1986,0.5846461
231,Brazil,BRA,1987,0.5969279
232,Brazil,BRA,1988,0.61428356
233,Brazil,BRA,1989,0.63295126
234,Brazil,BRA,1990,0.6048727
235,Brazil,BRA,1992,0.5317296
236,Brazil,BRA,1993,0.60118824
237,Brazil,BRA,1995,0.5956972
238,Brazil,BRA,1996,0.59888905
239,Brazil,BRA,1997,0.5979966
240,Brazil,BRA,1998,0.5960723
241,Brazil,BRA,1999,0.58991593
242,Brazil,BRA,2001,0.58413327
243,Brazil,BRA,2002,0.5811364
244,Brazil,BRA,2003,0.5756279
245,Brazil,BRA,2004,0.5647875
246,Brazil,BRA,2005,0.563163
247,Brazil,BRA,2006,0.5564732
248,Brazil,BRA,2007,0.5492774
249,Brazil,BRA,2008,0.5404328
250,Brazil,BRA,2009,0.5368723
251,Brazil,BRA,2011,0.5294759
252,Brazil,BRA,2012,0.53439856
253,Brazil,BRA,2013,0.5268654
254,Brazil,BRA,2014,0.5203314
255,Brazil,BRA,2015,0.51930827
256,Brazil,BRA,2016,0.53342843
257,Brazil,BRA,2017,0.5333405
258,Brazil,BRA,2018,0.53870946
259,Brazil,BRA,2019,0.5348577
260,Brazil,BRA,2020,0.4888038
261,Brazil,BRA,2021,0.52916694
262,Bulgaria,BGR,1989,0.23427184
263,Bulgaria,BGR,1992,0.3071431
264,Bulgaria,BGR,1994,0.2432197
265,Bulgaria,BGR,1995,0.32772338
266,Bulgaria,BGR,1997,0.2637824
267,Bulgaria,BGR,2001,0.32682163
268,Bulgaria,BGR,2003,0.28917906
269,Bulgaria,BGR,2006,0.35702574
270,Bulgaria,BGR,2007,0.28136343
271,Bulgaria,BGR,2008,0.33573127
272,Bulgaria,BGR,2009,0.33823198
273,Bulgaria,BGR,2010,0.35653573
274,Bulgaria,BGR,2011,0.34278607
275,Bulgaria,BGR,2012,0.36013922
276,Bulgaria,BGR,2013,0.36573645
277,Bulgaria,BGR,2014,0.37418568
278,Bulgaria,BGR,2015,0.38567346
279,Bulgaria,BGR,2016,0.40591064
280,Bulgaria,BGR,2017,0.40379047
281,Bulgaria,BGR,2018,0.412841
282,Bulgaria,BGR,2019,0.40271384
283,Bulgaria,BGR,2020,0.40523154
284,Burkina Faso,BFA,1994,0.48072493
285,Burkina Faso,BFA,1998,0.4994397
286,Burkina Faso,BFA,2003,0.43252513
287,Burkina Faso,BFA,2009,0.39762238
288,Burkina Faso,BFA,2014,0.35301226
289,Burkina Faso,BFA,2018,0.43016732
290,Burundi,BDI,1992,0.3333381
291,Burundi,BDI,1998,0.42316526
292,Burundi,BDI,2006,0.33359864
293,Burundi,BDI,2013,0.3862482
294,Cameroon,CMR,1996,0.44446757
295,Cameroon,CMR,2001,0.42136794
296,Cameroon,CMR,2007,0.42820063
297,Cameroon,CMR,2014,0.46640873
298,Canada,CAN,1971,0.37257144
299,Canada,CAN,1973,0.3491035
300,Canada,CAN,1975,0.34094694
301,Canada,CAN,1977,0.3373513
302,Canada,CAN,1979,0.3347417
303,Canada,CAN,1981,0.32966557
304,Canada,CAN,1982,0.32932413
305,Canada,CAN,1984,0.33520237
306,Canada,CAN,1985,0.33176625
307,Canada,CAN,1986,0.31680998
308,Canada,CAN,1987,0.31655663
309,Canada,CAN,1988,0.31201127
310,Canada,CAN,1989,0.3101912
311,Canada,CAN,1990,0.3137178
312,Canada,CAN,1991,0.31950226
313,Canada,CAN,1992,0.31567687
314,Canada,CAN,1993,0.31682763
315,Canada,CAN,1994,0.31308895
316,Canada,CAN,1995,0.31513026
317,Canada,CAN,1996,0.32768053
318,Canada,CAN,1997,0.33116943
319,Canada,CAN,1998,0.33217245
320,Canada,CAN,1999,0.33060935
321,Canada,CAN,2000,0.33418295
322,Canada,CAN,2001,0.33554783
323,Canada,CAN,2002,0.3356031
324,Canada,CAN,2003,0.33809465
325,Canada,CAN,2004,0.33776483
326,Canada,CAN,2005,0.33621806
327,Canada,CAN,2006,0.3409054
328,Canada,CAN,2007,0.33841008
329,Canada,CAN,2008,0.33930567
330,Canada,CAN,2009,0.33952153
331,Canada,CAN,2010,0.33592603
332,Canada,CAN,2011,0.32657078
333,Canada,CAN,2012,0.33539012
334,Canada,CAN,2013,0.3379898
335,Canada,CAN,2014,0.33157605
336,Canada,CAN,2015,0.33746484
337,Canada,CAN,2016,0.32701823
338,Canada,CAN,2017,0.33308205
339,Canada,CAN,2018,0.3250927
340,Canada,CAN,2019,0.31749648
341,Cape Verde,CPV,2001,0.524963
342,Cape Verde,CPV,2007,0.47187388
343,Cape Verde,CPV,2015,0.42381087
344,Central African Republic,CAF,1992,0.6133075
345,Central African Republic,CAF,2008,0.56236607
346,Central African Republic,CAF,2021,0.43046424
347,Chad,TCD,2003,0.3982457
348,Chad,TCD,2011,0.43321213
349,Chad,TCD,2018,0.37499154
350,Chile,CHL,1987,0.5621016
351,Chile,CHL,1990,0.572491
352,Chile,CHL,1992,0.5481449
353,Chile,CHL,1994,0.56433594
354,Chile,CHL,1996,0.5487368
355,Chile,CHL,1998,0.55522066
356,Chile,CHL,2000,0.5277201
357,Chile,CHL,2003,0.51489866
358,Chile,CHL,2006,0.47294816
359,Chile,CHL,2009,0.4699122
360,Chile,CHL,2011,0.4604835
361,Chile,CHL,2013,0.45831105
362,Chile,CHL,2015,0.44371328
363,Chile,CHL,2017,0.4444103
364,Chile,CHL,2020,0.4492094
365,China,CHN,1981,0.28164098
366,China,CHN,1984,0.271023
367,China,CHN,1987,0.29385957
368,China,CHN,1990,0.3222662
369,China,CHN,1993,0.338778
370,China,CHN,1996,0.3522766
371,China,CHN,1999,0.38703215
372,China,CHN,2002,0.41985723
373,China,CHN,2005,0.40900767
374,China,CHN,2008,0.4296504
375,China,CHN,2010,0.43744954
376,China,CHN,2011,0.42409223
377,China,CHN,2012,0.42237166
378,China,CHN,2013,0.397364
379,China,CHN,2014,0.39177653
380,China,CHN,2015,0.38595304
381,China,CHN,2016,0.38480517
382,China,CHN,2017,0.39075777
383,China,CHN,2018,0.38497642
384,China,CHN,2019,0.38168344
385,China,CHN,2020,0.37090832
386,China (rural),,1981,0.24729232
387,China (rural),,1984,0.2668613
388,China (rural),,1987,0.29451063
389,China (rural),,1990,0.3057347
390,China (rural),,1993,0.32126462
391,China (rural),,1996,0.3362044
392,China (rural),,1999,0.35389417
393,China (rural),,2002,0.38019353
394,China (rural),,2005,0.35849202
395,China (rural),,2008,0.3939905
396,China (rural),,2010,0.40607888
397,China (rural),,2011,0.38497448
398,China (rural),,2012,0.39497346
399,China (rural),,2013,0.33971012
400,China (rural),,2014,0.3375639
401,China (rural),,2015,0.33242807
402,China (rural),,2016,0.33179837
403,China (rural),,2017,0.34255987
404,China (rural),,2018,0.33541566
405,China (rural),,2019,0.3267486
406,China (rural),,2020,0.31574252
407,China (urban),,1981,0.18461858
408,China (urban),,1984,0.17791979
409,China (urban),,1987,0.20199354
410,China (urban),,1990,0.2559464
411,China (urban),,1993,0.2846636
412,China (urban),,1996,0.29089227
413,China (urban),,1999,0.31547564
414,China (urban),,2002,0.33461
415,China (urban),,2005,0.34798706
416,China (urban),,2008,0.35154307
417,China (urban),,2010,0.35744524
418,China (urban),,2011,0.35559225
419,China (urban),,2012,0.3535335
420,China (urban),,2013,0.3668623
421,China (urban),,2014,0.36429673
422,China (urban),,2015,0.36156222
423,China (urban),,2016,0.36124825
424,China (urban),,2017,0.3694193
425,China (urban),,2018,0.36906132
426,China (urban),,2019,0.37052557
427,China (urban),,2020,0.36667654
428,Colombia,COL,1992,0.51453674
429,Colombia,COL,1996,0.5693691
430,Colombia,COL,1999,0.587396
431,Colombia,COL,2000,0.58682895
432,Colombia,COL,2001,0.5748304
433,Colombia,COL,2002,0.560189
434,Colombia,COL,2003,0.5358648
435,Colombia,COL,2004,0.54981047
436,Colombia,COL,2005,0.53913337
437,Colombia,COL,2008,0.55323243
438,Colombia,COL,2009,0.54296416
439,Colombia,COL,2010,0.54625475
440,Colombia,COL,2011,0.53490293
441,Colombia,COL,2012,0.5264548
442,Colombia,COL,2013,0.52632636
443,Colombia,COL,2014,0.52551013
444,Colombia,COL,2015,0.5099042
445,Colombia,COL,2016,0.5057068
446,Colombia,COL,2017,0.49715486
447,Colombia,COL,2018,0.50418705
448,Colombia,COL,2019,0.5133497
449,Colombia,COL,2020,0.5353081
450,Colombia,COL,2021,0.5149927
451,Colombia (urban),,1980,0.5912673
452,Colombia (urban),,1988,0.5310625
453,Colombia (urban),,1989,0.5359247
454,Colombia (urban),,1991,0.5131891
455,Comoros,COM,2004,0.5592516
456,Comoros,COM,2014,0.45334595
457,Congo,COG,2005,0.4733054
458,Congo,COG,2011,0.4893867
459,Costa Rica,CRI,1981,0.47494763
460,Costa Rica,CRI,1986,0.34424046
461,Costa Rica,CRI,1989,0.4557076
462,Costa Rica,CRI,1990,0.45301545
463,Costa Rica,CRI,1991,0.4664785
464,Costa Rica,CRI,1992,0.45712397
465,Costa Rica,CRI,1993,0.46003163
466,Costa Rica,CRI,1994,0.46752408
467,Costa Rica,CRI,1995,0.45712686
468,Costa Rica,CRI,1996,0.46541741
469,Costa Rica,CRI,1997,0.45617115
470,Costa Rica,CRI,1998,0.45667222
471,Costa Rica,CRI,1999,0.47665334
472,Costa Rica,CRI,2000,0.47449473
473,Costa Rica,CRI,2001,0.51515067
474,Costa Rica,CRI,2002,0.5182363
475,Costa Rica,CRI,2003,0.493087
476,Costa Rica,CRI,2004,0.48423937
477,Costa Rica,CRI,2005,0.47513703
478,Costa Rica,CRI,2006,0.49285266
479,Costa Rica,CRI,2007,0.493143
480,Costa Rica,CRI,2008,0.4864548
481,Costa Rica,CRI,2009,0.5056012
482,Costa Rica,CRI,2010,0.4804597
483,Costa Rica,CRI,2011,0.48762167
484,Costa Rica,CRI,2012,0.4841903
485,Costa Rica,CRI,2013,0.4915247
486,Costa Rica,CRI,2014,0.48634195
487,Costa Rica,CRI,2015,0.4837614
488,Costa Rica,CRI,2016,0.48706067
489,Costa Rica,CRI,2017,0.4834654
490,Costa Rica,CRI,2018,0.47972405
491,Costa Rica,CRI,2019,0.48191166
492,Costa Rica,CRI,2020,0.49248964
493,Costa Rica,CRI,2021,0.4867917
494,Costa Rica,CRI,2022,0.47152537
495,Cote d'Ivoire,CIV,1985,0.4552627
496,Cote d'Ivoire,CIV,1986,0.37969762
497,Cote d'Ivoire,CIV,1987,0.405101
498,Cote d'Ivoire,CIV,1988,0.36886287
499,Cote d'Ivoire,CIV,1992,0.39385766
500,Cote d'Ivoire,CIV,1995,0.40563822
501,Cote d'Ivoire,CIV,1998,0.38959962
502,Cote d'Ivoire,CIV,2002,0.4134004
503,Cote d'Ivoire,CIV,2008,0.43183732
504,Cote d'Ivoire,CIV,2015,0.414748
505,Cote d'Ivoire,CIV,2018,0.37168875
506,Croatia,HRV,1998,0.2874836
507,Croatia,HRV,1999,0.27706942
508,Croatia,HRV,2000,0.31325644
509,Croatia,HRV,2001,0.31102163
510,Croatia,HRV,2004,0.29677406
511,Croatia,HRV,2008,0.33708772
512,Croatia,HRV,2009,0.33183348
513,Croatia,HRV,2010,0.273541
514,Croatia,HRV,2011,0.32257435
515,Croatia,HRV,2012,0.3247515
516,Croatia,HRV,2013,0.31995484
517,Croatia,HRV,2014,0.32107148
518,Croatia,HRV,2015,0.31115314
519,Croatia,HRV,2016,0.30899724
520,Croatia,HRV,2017,0.30354577
521,Croatia,HRV,2018,0.29729474
522,Croatia,HRV,2019,0.2890909
523,Croatia,HRV,2020,0.29544285
524,Cyprus,CYP,2004,0.30089402
525,Cyprus,CYP,2005,0.30259457
526,Cyprus,CYP,2006,0.31125963
527,Cyprus,CYP,2007,0.31113273
528,Cyprus,CYP,2008,0.3170866
529,Cyprus,CYP,2009,0.32108846
530,Cyprus,CYP,2010,0.31457928
531,Cyprus,CYP,2011,0.32625523
532,Cyprus,CYP,2012,0.34312433
533,Cyprus,CYP,2013,0.37041992
534,Cyprus,CYP,2014,0.35565653
535,Cyprus,CYP,2015,0.33966377
536,Cyprus,CYP,2016,0.32891795
537,Cyprus,CYP,2017,0.31416234
538,Cyprus,CYP,2018,0.3273986
539,Cyprus,CYP,2019,0.31224227
540,Cyprus,CYP,2020,0.31727943
541,Czechia,CZE,1992,0.20703283
542,Czechia,CZE,1993,0.26604792
543,Czechia,CZE,1996,0.2579901
544,Czechia,CZE,2002,0.26555094
545,Czechia,CZE,2004,0.2753318
546,Czechia,CZE,2005,0.26946044
547,Czechia,CZE,2006,0.26744154
548,Czechia,CZE,2007,0.2599869
549,Czechia,CZE,2008,0.26280272
550,Czechia,CZE,2009,0.26156676
551,Czechia,CZE,2010,0.26623514
552,Czechia,CZE,2011,0.26381344
553,Czechia,CZE,2012,0.26110017
554,Czechia,CZE,2013,0.26473904
555,Czechia,CZE,2014,0.25923222
556,Czechia,CZE,2015,0.25867432
557,Czechia,CZE,2016,0.25406334
558,Czechia,CZE,2017,0.2485221
559,Czechia,CZE,2018,0.24990341
560,Czechia,CZE,2019,0.25262198
561,Czechia,CZE,2020,0.26245132
562,Democratic Republic of Congo,COD,2004,0.4216363
563,Democratic Republic of Congo,COD,2012,0.42099708
564,Denmark,DNK,1987,0.2623504
565,Denmark,DNK,1992,0.24693811
566,Denmark,DNK,1995,0.22955896
567,Denmark,DNK,2000,0.2376632
568,Denmark,DNK,2003,0.25631672
569,Denmark,DNK,2004,0.24912797
570,Denmark,DNK,2005,0.2518689
571,Denmark,DNK,2006,0.25913078
572,Denmark,DNK,2007,0.26184258
573,Denmark,DNK,2008,0.252465
574,Denmark,DNK,2009,0.2670156
575,Denmark,DNK,2010,0.2719856
576,Denmark,DNK,2011,0.27311745
577,Denmark,DNK,2012,0.2779075
578,Denmark,DNK,2013,0.28543764
579,Denmark,DNK,2014,0.2835288
580,Denmark,DNK,2015,0.28177446
581,Denmark,DNK,2016,0.28187442
582,Denmark,DNK,2017,0.28746662
583,Denmark,DNK,2018,0.28166336
584,Denmark,DNK,2019,0.27723646
585,Denmark,DNK,2020,0.27504268
586,Djibouti,DJI,2002,0.3999784
587,Djibouti,DJI,2012,0.45134252
588,Djibouti,DJI,2013,0.44127074
589,Djibouti,DJI,2017,0.4158799
590,Dominican Republic,DOM,1986,0.47780797
591,Dominican Republic,DOM,1989,0.50457865
592,Dominican Republic,DOM,1992,0.5135976
593,Dominican Republic,DOM,1996,0.4743444
594,Dominican Republic,DOM,1997,0.4892386
595,Dominican Republic,DOM,2000,0.515212
596,Dominican Republic,DOM,2001,0.49999225
597,Dominican Republic,DOM,2002,0.49677518
598,Dominican Republic,DOM,2003,0.5212729
599,Dominican Republic,DOM,2004,0.52056205
600,Dominican Republic,DOM,2005,0.4996821
601,Dominican Republic,DOM,2006,0.519631
602,Dominican Republic,DOM,2007,0.48859373
603,Dominican Republic,DOM,2008,0.48109168
604,Dominican Republic,DOM,2009,0.48875841
605,Dominican Republic,DOM,2010,0.473266
606,Dominican Republic,DOM,2011,0.47706905
607,Dominican Republic,DOM,2012,0.46133754
608,Dominican Republic,DOM,2013,0.47656393
609,Dominican Republic,DOM,2014,0.4428003
610,Dominican Republic,DOM,2015,0.45181635
611,Dominican Republic,DOM,2016,0.45723918
612,Dominican Republic,DOM,2017,0.42195615
613,Dominican Republic,DOM,2018,0.4368666
614,Dominican Republic,DOM,2019,0.41918564
615,Dominican Republic,DOM,2020,0.39631972
616,Dominican Republic,DOM,2021,0.38529852
617,East Timor,TLS,2001,0.35935292
618,East Timor,TLS,2007,0.27823317
619,East Timor,TLS,2014,0.28652927
620,Ecuador,ECU,1994,0.5336896
621,Ecuador,ECU,1999,0.58601993
622,Ecuador,ECU,2000,0.5637852
623,Ecuador,ECU,2003,0.5352869
624,Ecuador,ECU,2004,0.53931993
625,Ecuador,ECU,2005,0.5305848
626,Ecuador,ECU,2006,0.52251405
627,Ecuador,ECU,2007,0.5336345
628,Ecuador,ECU,2008,0.4979347
629,Ecuador,ECU,2009,0.4850599
630,Ecuador,ECU,2010,0.48804435
631,Ecuador,ECU,2011,0.4587748
632,Ecuador,ECU,2012,0.46112326
633,Ecuador,ECU,2013,0.46864903
634,Ecuador,ECU,2014,0.4499505
635,Ecuador,ECU,2015,0.45954296
636,Ecuador,ECU,2016,0.45020068
637,Ecuador,ECU,2017,0.4467303
638,Ecuador,ECU,2018,0.45440298
639,Ecuador,ECU,2019,0.45711532
640,Ecuador,ECU,2020,0.47311273
641,Ecuador,ECU,2021,0.4580044
642,Ecuador,ECU,2022,0.45466313
643,Ecuador (urban),,1987,0.50491965
644,Ecuador (urban),,1995,0.5096507
645,Ecuador (urban),,1998,0.4965703
646,Egypt,EGY,1990,0.32003942
647,Egypt,EGY,1995,0.3012696
648,Egypt,EGY,1999,0.32761502
649,Egypt,EGY,2004,0.31847546
650,Egypt,EGY,2008,0.31102437
651,Egypt,EGY,2010,0.30191457
652,Egypt,EGY,2012,0.28292203
653,Egypt,EGY,2015,0.31823358
654,Egypt,EGY,2017,0.31533954
655,Egypt,EGY,2019,0.31893557
656,El Salvador,SLV,1991,0.53951895
657,El Salvador,SLV,1995,0.49879736
658,El Salvador,SLV,1996,0.5098218
659,El Salvador,SLV,1998,0.54515713
660,El Salvador,SLV,1999,0.5219769
661,El Salvador,SLV,2000,0.5147437
662,El Salvador,SLV,2001,0.5137044
663,El Salvador,SLV,2002,0.5187049
664,El Salvador,SLV,2003,0.5049769
665,El Salvador,SLV,2004,0.47819686
666,El Salvador,SLV,2005,0.48484933
667,El Salvador,SLV,2006,0.4569256
668,El Salvador,SLV,2007,0.45217994
669,El Salvador,SLV,2008,0.46885678
670,El Salvador,SLV,2009,0.45825085
671,El Salvador,SLV,2010,0.4351413
672,El Salvador,SLV,2011,0.4231836
673,El Salvador,SLV,2012,0.41829276
674,El Salvador,SLV,2013,0.43358964
675,El Salvador,SLV,2014,0.41559842
676,El Salvador,SLV,2015,0.40551943
677,El Salvador,SLV,2016,0.3997858
678,El Salvador,SLV,2017,0.38007188
679,El Salvador,SLV,2018,0.38610572
680,El Salvador,SLV,2019,0.38778764
681,El Salvador,SLV,2021,0.39012462
682,El Salvador,SLV,2022,0.38757578
683,Estonia,EST,1993,0.3950345
684,Estonia,EST,1995,0.30064794
685,Estonia,EST,1998,0.37643075
686,Estonia,EST,2000,0.357844
687,Estonia,EST,2001,0.36012456
688,Estonia,EST,2002,0.35791573
689,Estonia,EST,2003,0.34909624
690,Estonia,EST,2004,0.35378188
691,Estonia,EST,2005,0.33448943
692,Estonia,EST,2006,0.33671072
693,Estonia,EST,2007,0.31180158
694,Estonia,EST,2008,0.31917077
695,Estonia,EST,2009,0.3144361
696,Estonia,EST,2010,0.320012
697,Estonia,EST,2011,0.32491633
698,Estonia,EST,2012,0.3291576
699,Estonia,EST,2013,0.35079786
700,Estonia,EST,2014,0.34591556
701,Estonia,EST,2015,0.3267033
702,Estonia,EST,2016,0.31196827
703,Estonia,EST,2017,0.30355027
704,Estonia,EST,2018,0.30321452
705,Estonia,EST,2019,0.30767542
706,Estonia,EST,2020,0.30737874
707,Eswatini,SWZ,1994,0.60454726
708,Eswatini,SWZ,2000,0.5311352
709,Eswatini,SWZ,2009,0.51452607
710,Eswatini,SWZ,2016,0.54579794
711,Ethiopia,ETH,1995,0.44564512
712,Ethiopia,ETH,1999,0.29975796
713,Ethiopia,ETH,2004,0.29806852
714,Ethiopia,ETH,2010,0.33170602
715,Ethiopia,ETH,2015,0.34993124
716,Ethiopia (rural),,1981,0.32424957
717,Fiji,FJI,2002,0.38102055
718,Fiji,FJI,2008,0.40375587
719,Fiji,FJI,2013,0.36696598
720,Fiji,FJI,2019,0.30706868
721,Finland,FIN,1987,0.22171399
722,Finland,FIN,1991,0.22879761
723,Finland,FIN,1995,0.23459136
724,Finland,FIN,2000,0.27156627
725,Finland,FIN,2003,0.27686605
726,Finland,FIN,2004,0.27897766
727,Finland,FIN,2005,0.27619594
728,Finland,FIN,2006,0.27999076
729,Finland,FIN,2007,0.28285572
730,Finland,FIN,2008,0.2783821
731,Finland,FIN,2009,0.27455446
732,Finland,FIN,2010,0.2771409
733,Finland,FIN,2011,0.2764282
734,Finland,FIN,2012,0.2709663
735,Finland,FIN,2013,0.27193958
736,Finland,FIN,2014,0.26776975
737,Finland,FIN,2015,0.2710204
738,Finland,FIN,2016,0.27078485
739,Finland,FIN,2017,0.27383086
740,Finland,FIN,2018,0.27329773
741,Finland,FIN,2019,0.27737328
742,Finland,FIN,2020,0.2709117
743,France,FRA,1970,0.37145555
744,France,FRA,1975,0.35918272
745,France,FRA,1979,0.34042618
746,France,FRA,1984,0.33400115
747,France,FRA,1990,0.32119063
748,France,FRA,1996,0.32016575
749,France,FRA,1997,0.3190015
750,France,FRA,1998,0.31657764
751,France,FRA,1999,0.32499772
752,France,FRA,2000,0.32553056
753,France,FRA,2001,0.3253329
754,France,FRA,2002,0.31778157
755,France,FRA,2003,0.31411117
756,France,FRA,2004,0.3064734
757,France,FRA,2005,0.29834014
758,France,FRA,2006,0.2969109
759,France,FRA,2007,0.32427728
760,France,FRA,2008,0.32996476
761,France,FRA,2009,0.32661268
762,France,FRA,2010,0.3372048
763,France,FRA,2011,0.3329475
764,France,FRA,2012,0.3311486
765,France,FRA,2013,0.32512635
766,France,FRA,2014,0.32262185
767,France,FRA,2015,0.32704335
768,France,FRA,2016,0.31923744
769,France,FRA,2017,0.31632066
770,France,FRA,2018,0.32380688
771,France,FRA,2019,0.31199586
772,France,FRA,2020,0.3066147
773,Gabon,GAB,2005,0.42184988
774,Gabon,GAB,2017,0.38024372
775,Gambia,GMB,1998,0.48519465
776,Gambia,GMB,2003,0.47331625
777,Gambia,GMB,2010,0.43568432
778,Gambia,GMB,2015,0.35918832
779,Gambia,GMB,2020,0.38757205
780,Georgia,GEO,1996,0.37132707
781,Georgia,GEO,1997,0.40696073
782,Georgia,GEO,1998,0.41250008
783,Georgia,GEO,1999,0.40149766
784,Georgia,GEO,2000,0.40478113
785,Georgia,GEO,2001,0.3957413
786,Georgia,GEO,2002,0.37249377
787,Georgia,GEO,2003,0.36655083
788,Georgia,GEO,2004,0.36175355
789,Georgia,GEO,2005,0.3737934
790,Georgia,GEO,2006,0.36868623
791,Georgia,GEO,2007,0.3811308
792,Georgia,GEO,2008,0.38534853
793,Georgia,GEO,2009,0.38237402
794,Georgia,GEO,2010,0.39461464
795,Georgia,GEO,2011,0.39595714
796,Georgia,GEO,2012,0.38954768
797,Georgia,GEO,2013,0.3858902
798,Georgia,GEO,2014,0.37554133
799,Georgia,GEO,2015,0.36503676
800,Georgia,GEO,2016,0.3663965
801,Georgia,GEO,2017,0.37939733
802,Georgia,GEO,2018,0.36411363
803,Georgia,GEO,2019,0.35900766
804,Georgia,GEO,2020,0.34465188
805,Georgia,GEO,2021,0.34178618
806,Germany,DEU,1991,0.29492873
807,Germany,DEU,1992,0.29031813
808,Germany,DEU,1993,0.2854154
809,Germany,DEU,1994,0.29159415
810,Germany,DEU,1995,0.28665972
811,Germany,DEU,1996,0.28020903
812,Germany,DEU,1997,0.28332725
813,Germany,DEU,1998,0.28148276
814,Germany,DEU,1999,0.2902921
815,Germany,DEU,2000,0.28780577
816,Germany,DEU,2001,0.29949388
817,Germany,DEU,2002,0.2986499
818,Germany,DEU,2003,0.2989323
819,Germany,DEU,2004,0.30164394
820,Germany,DEU,2005,0.3158797
821,Germany,DEU,2006,0.3104196
822,Germany,DEU,2007,0.31145447
823,Germany,DEU,2008,0.30904445
824,Germany,DEU,2009,0.30479428
825,Germany,DEU,2010,0.3025288
826,Germany,DEU,2011,0.30668032
827,Germany,DEU,2012,0.3105579
828,Germany,DEU,2013,0.31473666
829,Germany,DEU,2014,0.30871856
830,Germany,DEU,2015,0.31443062
831,Germany,DEU,2016,0.31390682
832,Germany,DEU,2017,0.31851348
833,Germany,DEU,2018,0.3179069
834,Germany,DEU,2019,0.31719428
835,Ghana,GHA,1987,0.35349578
836,Ghana,GHA,1988,0.3599354
837,Ghana,GHA,1991,0.3843723
838,Ghana,GHA,1998,0.40072626
839,Ghana,GHA,2005,0.42765537
840,Ghana,GHA,2012,0.42373204
841,Ghana,GHA,2016,0.4352088
842,Greece,GRC,1995,0.36975572
843,Greece,GRC,2000,0.34239194
844,Greece,GRC,2003,0.32762337
845,Greece,GRC,2004,0.3359099
846,Greece,GRC,2005,0.3459823
847,Greece,GRC,2006,0.35123804
848,Greece,GRC,2007,0.33953574
849,Greece,GRC,2008,0.33589363
850,Greece,GRC,2009,0.33619058
851,Greece,GRC,2010,0.34103328
852,Greece,GRC,2011,0.3484941
853,Greece,GRC,2012,0.36251
854,Greece,GRC,2013,0.36127362
855,Greece,GRC,2014,0.35809505
856,Greece,GRC,2015,0.3600026
857,Greece,GRC,2016,0.3495864
858,Greece,GRC,2017,0.34352022
859,Greece,GRC,2018,0.32891205
860,Greece,GRC,2019,0.33104455
861,Greece,GRC,2020,0.33560613
862,Guatemala,GTM,1986,0.58256906
863,Guatemala,GTM,1989,0.59598774
864,Guatemala,GTM,2000,0.5417652
865,Guatemala,GTM,2006,0.5457072
866,Guatemala,GTM,2014,0.48278588
867,Guinea,GIN,1991,0.4684305
868,Guinea,GIN,1994,0.4608161
869,Guinea,GIN,2002,0.43004164
870,Guinea,GIN,2007,0.39355347
871,Guinea,GIN,2012,0.33729705
872,Guinea,GIN,2018,0.29591954
873,Guinea-Bissau,GNB,1993,0.43610227
874,Guinea-Bissau,GNB,2002,0.35569745
875,Guinea-Bissau,GNB,2010,0.5066424
876,Guinea-Bissau,GNB,2018,0.34765232
877,Guyana,GUY,1998,0.4511814
878,Haiti,HTI,2001,0.5947662
879,Haiti,HTI,2012,0.41103774
880,Honduras,HND,1989,0.5949015
881,Honduras,HND,1990,0.5735673
882,Honduras,HND,1991,0.5185067
883,Honduras,HND,1992,0.51828456
884,Honduras,HND,1993,0.53467447
885,Honduras,HND,1994,0.5501017
886,Honduras,HND,1995,0.55485475
887,Honduras,HND,1996,0.55721563
888,Honduras,HND,1997,0.52734
889,Honduras,HND,1998,0.5742543
890,Honduras,HND,1999,0.5535134
891,Honduras,HND,2001,0.55360717
892,Honduras,HND,2002,0.55730957
893,Honduras,HND,2003,0.5812125
894,Honduras,HND,2004,0.5813391
895,Honduras,HND,2005,0.5951159
896,Honduras,HND,2006,0.5754278
897,Honduras,HND,2007,0.5582031
898,Honduras,HND,2008,0.55499905
899,Honduras,HND,2009,0.51283324
900,Honduras,HND,2010,0.5308707
901,Honduras,HND,2011,0.5255979
902,Honduras,HND,2012,0.5337071
903,Honduras,HND,2013,0.49959752
904,Honduras,HND,2014,0.49878585
905,Honduras,HND,2015,0.49249893
906,Honduras,HND,2016,0.4981186
907,Honduras,HND,2017,0.49445528
908,Honduras,HND,2018,0.48937786
909,Honduras,HND,2019,0.48168167
910,Honduras (urban),,1986,0.5509303
911,Hungary,HUN,1987,0.20960031
912,Hungary,HUN,1989,0.2504778
913,Hungary,HUN,1991,0.29633954
914,Hungary,HUN,1993,0.27940974
915,Hungary,HUN,1994,0.33289394
916,Hungary,HUN,1998,0.26381922
917,Hungary,HUN,1999,0.276354
918,Hungary,HUN,2000,0.2722058
919,Hungary,HUN,2001,0.26924485
920,Hungary,HUN,2002,0.2683789
921,Hungary,HUN,2003,0.30925757
922,Hungary,HUN,2004,0.30022427
923,Hungary,HUN,2005,0.3019102
924,Hungary,HUN,2006,0.28958917
925,Hungary,HUN,2007,0.31155092
926,Hungary,HUN,2008,0.27514043
927,Hungary,HUN,2009,0.2695964
928,Hungary,HUN,2010,0.29444227
929,Hungary,HUN,2011,0.29158342
930,Hungary,HUN,2012,0.30804187
931,Hungary,HUN,2013,0.31504104
932,Hungary,HUN,2014,0.30917662
933,Hungary,HUN,2015,0.3040823
934,Hungary,HUN,2016,0.30327618
935,Hungary,HUN,2017,0.30584124
936,Hungary,HUN,2018,0.29612043
937,Hungary,HUN,2019,0.29950473
938,Hungary,HUN,2020,0.29713073
939,Iceland,ISL,2003,0.26836038
940,Iceland,ISL,2004,0.2798214
941,Iceland,ISL,2005,0.29002446
942,Iceland,ISL,2006,0.3024515
943,Iceland,ISL,2007,0.2947096
944,Iceland,ISL,2008,0.3178928
945,Iceland,ISL,2009,0.2865641
946,Iceland,ISL,2010,0.2617162
947,Iceland,ISL,2011,0.26830798
948,Iceland,ISL,2012,0.26769423
949,Iceland,ISL,2013,0.25402915
950,Iceland,ISL,2014,0.27800417
951,Iceland,ISL,2015,0.26787972
952,Iceland,ISL,2016,0.27241105
953,Iceland,ISL,2017,0.2613158
954,India,IND,1977,0.33336645
955,India,IND,1983,0.32100993
956,India,IND,1987,0.32574165
957,India,IND,1993,0.31696185
958,India,IND,2004,0.34406307
959,India,IND,2009,0.35380337
960,India,IND,2011,0.35712585
961,India,IND,2015,0.34705412
962,India,IND,2016,0.34772223
963,India,IND,2017,0.3593948
964,India,IND,2018,0.34584644
965,India,IND,2019,0.3502112
966,India,IND,2020,0.3477095
967,India,IND,2021,0.34214914
968,India (rural),,1977,0.34195656
969,India (rural),,1983,0.3005934
970,India (rural),,1987,0.30133688
971,India (rural),,1993,0.28586566
972,India (rural),,2004,0.30453578
973,India (rural),,2009,0.29950303
974,India (rural),,2011,0.3112752
975,India (rural),,2015,0.31263804
976,India (rural),,2016,0.3101153
977,India (rural),,2017,0.31273302
978,India (rural),,2018,0.31053358
979,India (rural),,2019,0.3239082
980,India (rural),,2020,0.3193041
981,India (rural),,2021,0.30807373
982,India (urban),,1977,0.3574155
983,India (urban),,1983,0.33326876
984,India (urban),,1987,0.35569307
985,India (urban),,1993,0.3438523
986,India (urban),,2004,0.37635174
987,India (urban),,2009,0.39347973
988,India (urban),,2011,0.3901443
989,India (urban),,2015,0.37879863
990,India (urban),,2016,0.3829257
991,India (urban),,2017,0.39578882
992,India (urban),,2018,0.36215827
993,India (urban),,2019,0.3719933
994,India (urban),,2020,0.3732479
995,India (urban),,2021,0.37060717
996,Indonesia,IDN,1984,0.3345598
997,Indonesia,IDN,1987,0.3140377
998,Indonesia,IDN,1990,0.32271257
999,Indonesia,IDN,1993,0.331628
1000,Indonesia,IDN,1996,0.35625136
1001,Indonesia,IDN,1998,0.32181433
1002,Indonesia,IDN,1999,0.32078046
1003,Indonesia,IDN,2000,0.29458433
1004,Indonesia,IDN,2001,0.3002393
1005,Indonesia,IDN,2002,0.32833797
1006,Indonesia,IDN,2003,0.330267
1007,Indonesia,IDN,2004,0.3385328
1008,Indonesia,IDN,2005,0.34057844
1009,Indonesia,IDN,2006,0.35300556
1010,Indonesia,IDN,2007,0.3666469
1011,Indonesia,IDN,2008,0.36060256
1012,Indonesia,IDN,2009,0.3599317
1013,Indonesia,IDN,2010,0.37205338
1014,Indonesia,IDN,2011,0.4045815
1015,Indonesia,IDN,2012,0.40459642
1016,Indonesia,IDN,2013,0.4079118
1017,Indonesia,IDN,2014,0.40175667
1018,Indonesia,IDN,2015,0.4039737
1019,Indonesia,IDN,2016,0.39300278
1020,Indonesia,IDN,2017,0.38785264
1021,Indonesia,IDN,2018,0.38410378
1022,Indonesia,IDN,2019,0.37610123
1023,Indonesia,IDN,2020,0.37605485
1024,Indonesia,IDN,2021,0.3791565
1025,Indonesia,IDN,2022,0.37919053
1026,Indonesia (rural),,1984,0.29214716
1027,Indonesia (rural),,1987,0.27729326
1028,Indonesia (rural),,1990,0.26455078
1029,Indonesia (rural),,1993,0.2600183
1030,Indonesia (rural),,1996,0.27587208
1031,Indonesia (rural),,1998,0.2568415
1032,Indonesia (rural),,1999,0.24756536
1033,Indonesia (rural),,2000,0.24101526
1034,Indonesia (rural),,2001,0.23902634
1035,Indonesia (rural),,2002,0.2553382
1036,Indonesia (rural),,2003,0.25358707
1037,Indonesia (rural),,2004,0.26531112
1038,Indonesia (rural),,2005,0.27902848
1039,Indonesia (rural),,2006,0.28917173
1040,Indonesia (rural),,2007,0.30114937
1041,Indonesia (rural),,2008,0.29982853
1042,Indonesia (rural),,2009,0.29499847
1043,Indonesia (rural),,2010,0.31533307
1044,Indonesia (rural),,2011,0.3409647
1045,Indonesia (rural),,2012,0.329824
1046,Indonesia (rural),,2013,0.32049862
1047,Indonesia (rural),,2014,0.31914413
1048,Indonesia (rural),,2015,0.33418453
1049,Indonesia (rural),,2016,0.32655323
1050,Indonesia (rural),,2017,0.32045445
1051,Indonesia (rural),,2018,0.32444188
1052,Indonesia (rural),,2019,0.3168654
1053,Indonesia (rural),,2020,0.31669113
1054,Indonesia (rural),,2021,0.3153389
1055,Indonesia (rural),,2022,0.31383035
1056,Indonesia (urban),,1984,0.3329345
1057,Indonesia (urban),,1987,0.3277565
1058,Indonesia (urban),,1990,0.3466288
1059,Indonesia (urban),,1993,0.3535324
1060,Indonesia (urban),,1996,0.37549615
1061,Indonesia (urban),,1998,0.33776075
1062,Indonesia (urban),,1999,0.35375032
1063,Indonesia (urban),,2000,0.31650257
1064,Indonesia (urban),,2001,0.31758693
1065,Indonesia (urban),,2002,0.33938208
1066,Indonesia (urban),,2003,0.3401206
1067,Indonesia (urban),,2004,0.34305668
1068,Indonesia (urban),,2005,0.34189805
1069,Indonesia (urban),,2006,0.35517496
1070,Indonesia (urban),,2007,0.37075886
1071,Indonesia (urban),,2008,0.3671704
1072,Indonesia (urban),,2009,0.3720203
1073,Indonesia (urban),,2010,0.38204768
1074,Indonesia (urban),,2011,0.42216945
1075,Indonesia (urban),,2012,0.42480853
1076,Indonesia (urban),,2013,0.43106535
1077,Indonesia (urban),,2014,0.42765263
1078,Indonesia (urban),,2015,0.42753065
1079,Indonesia (urban),,2016,0.41031516
1080,Indonesia (urban),,2017,0.4068613
1081,Indonesia (urban),,2018,0.4005402
1082,Indonesia (urban),,2019,0.3921567
1083,Indonesia (urban),,2020,0.3925719
1084,Indonesia (urban),,2021,0.40063065
1085,Indonesia (urban),,2022,0.403278
1086,Iran,IRN,1986,0.4741964
1087,Iran,IRN,1990,0.43604776
1088,Iran,IRN,1994,0.4299837
1089,Iran,IRN,1998,0.44095644
1090,Iran,IRN,2005,0.43558642
1091,Iran,IRN,2006,0.44752038
1092,Iran,IRN,2009,0.42050025
1093,Iran,IRN,2013,0.3735951
1094,Iran,IRN,2014,0.38783294
1095,Iran,IRN,2015,0.39471003
1096,Iran,IRN,2016,0.39965197
1097,Iran,IRN,2017,0.4080294
1098,Iran,IRN,2018,0.420033
1099,Iran,IRN,2019,0.4093597
1100,Iraq,IRQ,2006,0.28600612
1101,Iraq,IRQ,2012,0.29541856
1102,Ireland,IRL,1987,0.35466203
1103,Ireland,IRL,1994,0.36914206
1104,Ireland,IRL,1995,0.3704509
1105,Ireland,IRL,1996,0.35622135
1106,Ireland,IRL,2000,0.33005205
1107,Ireland,IRL,2002,0.32290256
1108,Ireland,IRL,2003,0.32887623
1109,Ireland,IRL,2004,0.33609638
1110,Ireland,IRL,2005,0.33754012
1111,Ireland,IRL,2006,0.32727954
1112,Ireland,IRL,2007,0.31946772
1113,Ireland,IRL,2008,0.30906218
1114,Ireland,IRL,2009,0.32682547
1115,Ireland,IRL,2010,0.32297096
1116,Ireland,IRL,2011,0.32874694
1117,Ireland,IRL,2012,0.33220753
1118,Ireland,IRL,2013,0.33489192
1119,Ireland,IRL,2014,0.31876454
1120,Ireland,IRL,2015,0.3182154
1121,Ireland,IRL,2016,0.32807598
1122,Ireland,IRL,2017,0.31359804
1123,Ireland,IRL,2018,0.30602926
1124,Ireland,IRL,2019,0.308315
1125,Ireland,IRL,2020,0.29228526
1126,Israel,ISR,1979,0.36329976
1127,Israel,ISR,1986,0.3649054
1128,Israel,ISR,1992,0.35507256
1129,Israel,ISR,1997,0.38097107
1130,Israel,ISR,2001,0.38947663
1131,Israel,ISR,2002,0.39559424
1132,Israel,ISR,2003,0.4072257
1133,Israel,ISR,2004,0.414563
1134,Israel,ISR,2005,0.42267624
1135,Israel,ISR,2006,0.4155532
1136,Israel,ISR,2007,0.41098633
1137,Israel,ISR,2008,0.4164268
1138,Israel,ISR,2009,0.4263395
1139,Israel,ISR,2010,0.42527026
1140,Israel,ISR,2011,0.41444165
1141,Israel,ISR,2012,0.41609597
1142,Israel,ISR,2013,0.40224823
1143,Israel,ISR,2014,0.3975749
1144,Israel,ISR,2015,0.3971953
1145,Israel,ISR,2016,0.39013016
1146,Israel,ISR,2017,0.38202065
1147,Israel,ISR,2018,0.38577175
1148,Italy,ITA,1986,0.32516408
1149,Italy,ITA,1987,0.34546974
1150,Italy,ITA,1989,0.32573316
1151,Italy,ITA,1991,0.31468326
1152,Italy,ITA,1993,0.35537887
1153,Italy,ITA,1995,0.35238063
1154,Italy,ITA,1998,0.36660787
1155,Italy,ITA,2000,0.3525281
1156,Italy,ITA,2003,0.34931308
1157,Italy,ITA,2004,0.34295115
1158,Italy,ITA,2005,0.33833605
1159,Italy,ITA,2006,0.33697397
1160,Italy,ITA,2007,0.32890737
1161,Italy,ITA,2008,0.33770102
1162,Italy,ITA,2009,0.33835772
1163,Italy,ITA,2010,0.3472131
1164,Italy,ITA,2011,0.35057214
1165,Italy,ITA,2012,0.3515561
1166,Italy,ITA,2013,0.3491185
1167,Italy,ITA,2014,0.3465733
1168,Italy,ITA,2015,0.35397437
1169,Italy,ITA,2016,0.3524625
1170,Italy,ITA,2017,0.35928002
1171,Italy,ITA,2018,0.35222572
1172,Italy,ITA,2019,0.34587252
1173,Italy,ITA,2020,0.35244223
1174,Jamaica,JAM,1988,0.43155026
1175,Jamaica,JAM,1990,0.41113734
1176,Jamaica,JAM,1993,0.35673422
1177,Jamaica,JAM,1996,0.40394902
1178,Jamaica,JAM,1999,0.44080198
1179,Jamaica,JAM,2002,0.48315963
1180,Jamaica,JAM,2004,0.45457473
1181,Japan,JPN,2008,0.34842315
1182,Japan,JPN,2010,0.3210032
1183,Japan,JPN,2013,0.3285473
1184,Jordan,JOR,1986,0.3606143
1185,Jordan,JOR,1992,0.43362623
1186,Jordan,JOR,1997,0.36420557
1187,Jordan,JOR,2002,0.36954618
1188,Jordan,JOR,2006,0.33856255
1189,Jordan,JOR,2008,0.3257345
1190,Jordan,JOR,2010,0.3365573
1191,Kazakhstan,KAZ,1993,0.32665735
1192,Kazakhstan,KAZ,1996,0.35378307
1193,Kazakhstan,KAZ,2001,0.35964757
1194,Kazakhstan,KAZ,2002,0.3481114
1195,Kazakhstan,KAZ,2003,0.33691478
1196,Kazakhstan,KAZ,2004,0.3183876
1197,Kazakhstan,KAZ,2005,0.39826038
1198,Kazakhstan,KAZ,2006,0.30243865
1199,Kazakhstan,KAZ,2007,0.30084056
1200,Kazakhstan,KAZ,2008,0.28496444
1201,Kazakhstan,KAZ,2009,0.28208867
1202,Kazakhstan,KAZ,2010,0.27954513
1203,Kazakhstan,KAZ,2011,0.27983844
1204,Kazakhstan,KAZ,2012,0.2816882
1205,Kazakhstan,KAZ,2013,0.2706543
1206,Kazakhstan,KAZ,2014,0.2701586
1207,Kazakhstan,KAZ,2015,0.26803666
1208,Kazakhstan,KAZ,2016,0.27225325
1209,Kazakhstan,KAZ,2017,0.27450275
1210,Kazakhstan,KAZ,2018,0.27792874
1211,Kenya,KEN,1992,0.57460964
1212,Kenya,KEN,1994,0.4310857
1213,Kenya,KEN,1997,0.44983077
1214,Kenya,KEN,2005,0.46452925
1215,Kenya,KEN,2015,0.40775773
1216,Kenya,KEN,2020,0.36246458
1217,Kenya,KEN,2021,0.3870376
1218,Kiribati,KIR,2006,0.36973003
1219,Kiribati,KIR,2019,0.27832702
1220,Kosovo,OWID_KOS,2003,0.28953856
1221,Kosovo,OWID_KOS,2005,0.3123823
1222,Kosovo,OWID_KOS,2006,0.30321634
1223,Kosovo,OWID_KOS,2009,0.31781715
1224,Kosovo,OWID_KOS,2010,0.33254302
1225,Kosovo,OWID_KOS,2011,0.27831748
1226,Kosovo,OWID_KOS,2012,0.28972268
1227,Kosovo,OWID_KOS,2013,0.2630659
1228,Kosovo,OWID_KOS,2014,0.2727017
1229,Kosovo,OWID_KOS,2015,0.26454154
1230,Kosovo,OWID_KOS,2016,0.26721144
1231,Kosovo,OWID_KOS,2017,0.29012942
1232,Kyrgyzstan,KGZ,1998,0.46371982
1233,Kyrgyzstan,KGZ,2000,0.31035012
1234,Kyrgyzstan,KGZ,2001,0.3016398
1235,Kyrgyzstan,KGZ,2002,0.30302387
1236,Kyrgyzstan,KGZ,2003,0.28708646
1237,Kyrgyzstan,KGZ,2004,0.3477343
1238,Kyrgyzstan,KGZ,2005,0.3256143
1239,Kyrgyzstan,KGZ,2006,0.3738124
1240,Kyrgyzstan,KGZ,2007,0.3391182
1241,Kyrgyzstan,KGZ,2008,0.31450686
1242,Kyrgyzstan,KGZ,2009,0.29874915
1243,Kyrgyzstan,KGZ,2010,0.30133915
1244,Kyrgyzstan,KGZ,2011,0.27839863
1245,Kyrgyzstan,KGZ,2012,0.27357274
1246,Kyrgyzstan,KGZ,2013,0.28815484
1247,Kyrgyzstan,KGZ,2014,0.26819003
1248,Kyrgyzstan,KGZ,2015,0.28997916
1249,Kyrgyzstan,KGZ,2016,0.2678077
1250,Kyrgyzstan,KGZ,2017,0.2733501
1251,Kyrgyzstan,KGZ,2018,0.27690327
1252,Kyrgyzstan,KGZ,2019,0.29701224
1253,Kyrgyzstan,KGZ,2020,0.28989273
1254,Laos,LAO,1992,0.34309775
1255,Laos,LAO,1997,0.3489544
1256,Laos,LAO,2002,0.32620108
1257,Laos,LAO,2007,0.35361034
1258,Laos,LAO,2012,0.35963547
1259,Laos,LAO,2018,0.38802433
1260,Latvia,LVA,1993,0.26993132
1261,Latvia,LVA,1995,0.30977488
1262,Latvia,LVA,1996,0.31641865
1263,Latvia,LVA,1997,0.34392592
1264,Latvia,LVA,1998,0.33264852
1265,Latvia,LVA,2002,0.35091233
1266,Latvia,LVA,2003,0.36528602
1267,Latvia,LVA,2004,0.3495713
1268,Latvia,LVA,2005,0.38981482
1269,Latvia,LVA,2006,0.35602766
1270,Latvia,LVA,2007,0.3604693
1271,Latvia,LVA,2008,0.35817897
1272,Latvia,LVA,2009,0.3483174
1273,Latvia,LVA,2010,0.3503441
1274,Latvia,LVA,2011,0.35774368
1275,Latvia,LVA,2012,0.35237688
1276,Latvia,LVA,2013,0.3550057
1277,Latvia,LVA,2014,0.35115233
1278,Latvia,LVA,2015,0.34204435
1279,Latvia,LVA,2016,0.3432963
1280,Latvia,LVA,2017,0.35571936
1281,Latvia,LVA,2018,0.3509615
1282,Latvia,LVA,2019,0.3448954
1283,Latvia,LVA,2020,0.35704768
1284,Lebanon,LBN,2011,0.3183245
1285,Lesotho,LSO,1986,0.5601606
1286,Lesotho,LSO,1994,0.6324037
1287,Lesotho,LSO,2002,0.5157492
1288,Lesotho,LSO,2017,0.44879702
1289,Liberia,LBR,2007,0.36477745
1290,Liberia,LBR,2014,0.33237883
1291,Liberia,LBR,2016,0.3526546
1292,Lithuania,LTU,1993,0.33641136
1293,Lithuania,LTU,1996,0.32260323
1294,Lithuania,LTU,1998,0.32103118
1295,Lithuania,LTU,1999,0.32015237
1296,Lithuania,LTU,2000,0.31674933
1297,Lithuania,LTU,2001,0.32012275
1298,Lithuania,LTU,2002,0.31915566
1299,Lithuania,LTU,2003,0.35456488
1300,Lithuania,LTU,2004,0.35204017
1301,Lithuania,LTU,2005,0.35302207
1302,Lithuania,LTU,2006,0.34418988
1303,Lithuania,LTU,2007,0.3479719
1304,Lithuania,LTU,2008,0.37055656
1305,Lithuania,LTU,2009,0.37225989
1306,Lithuania,LTU,2010,0.33619305
1307,Lithuania,LTU,2011,0.32491052
1308,Lithuania,LTU,2012,0.3509868
1309,Lithuania,LTU,2013,0.35311148
1310,Lithuania,LTU,2014,0.37681442
1311,Lithuania,LTU,2015,0.37375224
1312,Lithuania,LTU,2016,0.38391206
1313,Lithuania,LTU,2017,0.372897
1314,Lithuania,LTU,2018,0.35707808
1315,Lithuania,LTU,2019,0.35253152
1316,Lithuania,LTU,2020,0.35957366
1317,Luxembourg,LUX,1985,0.26294357
1318,Luxembourg,LUX,1986,0.28112763
1319,Luxembourg,LUX,1987,0.2954707
1320,Luxembourg,LUX,1988,0.28827298
1321,Luxembourg,LUX,1989,0.30814338
1322,Luxembourg,LUX,1990,0.2770192
1323,Luxembourg,LUX,1991,0.2717853
1324,Luxembourg,LUX,1992,0.27309504
1325,Luxembourg,LUX,1993,0.27047905
1326,Luxembourg,LUX,1994,0.28147867
1327,Luxembourg,LUX,1995,0.28301048
1328,Luxembourg,LUX,1996,0.29043368
1329,Luxembourg,LUX,1997,0.2957325
1330,Luxembourg,LUX,1998,0.30605367
1331,Luxembourg,LUX,1999,0.30041057
1332,Luxembourg,LUX,2000,0.30102962
1333,Luxembourg,LUX,2001,0.30926323
1334,Luxembourg,LUX,2002,0.3098299
1335,Luxembourg,LUX,2003,0.30187473
1336,Luxembourg,LUX,2004,0.30172697
1337,Luxembourg,LUX,2005,0.30840808
1338,Luxembourg,LUX,2006,0.3094812
1339,Luxembourg,LUX,2007,0.3113375
1340,Luxembourg,LUX,2008,0.32561544
1341,Luxembourg,LUX,2009,0.3119692
1342,Luxembourg,LUX,2010,0.3050438
1343,Luxembourg,LUX,2011,0.3205412
1344,Luxembourg,LUX,2012,0.3434715
1345,Luxembourg,LUX,2013,0.32036045
1346,Luxembourg,LUX,2014,0.3115832
1347,Luxembourg,LUX,2015,0.32922232
1348,Luxembourg,LUX,2016,0.31727982
1349,Luxembourg,LUX,2017,0.34515738
1350,Luxembourg,LUX,2018,0.35368094
1351,Luxembourg,LUX,2019,0.34241262
1352,Luxembourg,LUX,2020,0.3337364
1353,Madagascar,MDG,1980,0.4684885
1354,Madagascar,MDG,1993,0.45255697
1355,Madagascar,MDG,1997,0.39468354
1356,Madagascar,MDG,1999,0.3860748
1357,Madagascar,MDG,2001,0.4743543
1358,Madagascar,MDG,2005,0.3993718
1359,Madagascar,MDG,2010,0.42417488
1360,Madagascar,MDG,2012,0.4264818
1361,Malawi,MWI,1997,0.6575557
1362,Malawi,MWI,2004,0.3987346
1363,Malawi,MWI,2010,0.45475972
1364,Malawi,MWI,2016,0.44694307
1365,Malawi,MWI,2019,0.38543174
1366,Malaysia,MYS,1984,0.48624814
1367,Malaysia,MYS,1987,0.47041836
1368,Malaysia,MYS,1989,0.46168503
1369,Malaysia,MYS,1992,0.47653726
1370,Malaysia,MYS,1995,0.48522672
1371,Malaysia,MYS,1997,0.49149662
1372,Malaysia,MYS,2003,0.46416202
1373,Malaysia,MYS,2006,0.4475235
1374,Malaysia,MYS,2008,0.45479712
1375,Malaysia,MYS,2011,0.43943596
1376,Malaysia,MYS,2013,0.41348827
1377,Malaysia,MYS,2015,0.410664
1378,Malaysia,MYS,2018,0.41176775
1379,Maldives,MDV,2002,0.41312027
1380,Maldives,MDV,2009,0.38372764
1381,Maldives,MDV,2016,0.31285647
1382,Maldives,MDV,2019,0.2928509
1383,Mali,MLI,1994,0.50441235
1384,Mali,MLI,2001,0.39867282
1385,Mali,MLI,2006,0.38929963
1386,Mali,MLI,2009,0.33037955
1387,Mali,MLI,2018,0.3596336
1388,Malta,MLT,2006,0.28019977
1389,Malta,MLT,2007,0.2920774
1390,Malta,MLT,2008,0.28995508
1391,Malta,MLT,2009,0.30244797
1392,Malta,MLT,2010,0.29025868
1393,Malta,MLT,2011,0.2914259
1394,Malta,MLT,2012,0.2936045
1395,Malta,MLT,2013,0.28843665
1396,Malta,MLT,2014,0.29020345
1397,Malta,MLT,2015,0.29433772
1398,Malta,MLT,2016,0.29089114
1399,Malta,MLT,2017,0.2923224
1400,Malta,MLT,2018,0.28665087
1401,Malta,MLT,2019,0.3104208
1402,Malta,MLT,2020,0.3140378
1403,Marshall Islands,MHL,2019,0.35482943
1404,Mauritania,MRT,1987,0.43939015
1405,Mauritania,MRT,1993,0.5005156
1406,Mauritania,MRT,1995,0.37747362
1407,Mauritania,MRT,2000,0.39028475
1408,Mauritania,MRT,2004,0.4016877
1409,Mauritania,MRT,2008,0.35685378
1410,Mauritania,MRT,2014,0.3261935
1411,Mauritius,MUS,2006,0.3565342
1412,Mauritius,MUS,2012,0.384654
1413,Mauritius,MUS,2017,0.36761206
1414,Mexico,MEX,1984,0.4852701
1415,Mexico,MEX,1989,0.50631666
1416,Mexico,MEX,1992,0.52611816
1417,Mexico,MEX,1994,0.5280892
1418,Mexico,MEX,1996,0.5355028
1419,Mexico,MEX,1998,0.51678383
1420,Mexico,MEX,2000,0.5258397
1421,Mexico,MEX,2002,0.50088656
1422,Mexico,MEX,2004,0.50030077
1423,Mexico,MEX,2005,0.5012036
1424,Mexico,MEX,2006,0.48936054
1425,Mexico,MEX,2008,0.49883848
1426,Mexico,MEX,2010,0.4721391
1427,Mexico,MEX,2012,0.48713467
1428,Mexico,MEX,2014,0.4872244
1429,Mexico,MEX,2016,0.47677714
1430,Mexico,MEX,2018,0.46706957
1431,Mexico,MEX,2020,0.4539873
1432,Micronesia (country),FSM,2005,0.423558
1433,Micronesia (country),FSM,2013,0.40057632
1434,Micronesia (country) (urban),,2000,0.6326197
1435,Moldova,MDA,1997,0.36942145
1436,Moldova,MDA,1998,0.3951855
1437,Moldova,MDA,1999,0.42624205
1438,Moldova,MDA,2000,0.36425692
1439,Moldova,MDA,2001,0.37989193
1440,Moldova,MDA,2002,0.3584591
1441,Moldova,MDA,2003,0.34902084
1442,Moldova,MDA,2004,0.35029566
1443,Moldova,MDA,2005,0.36280838
1444,Moldova,MDA,2006,0.35400927
1445,Moldova,MDA,2007,0.34421042
1446,Moldova,MDA,2008,0.34692442
1447,Moldova,MDA,2009,0.32910907
1448,Moldova,MDA,2010,0.3205092
1449,Moldova,MDA,2011,0.30628577
1450,Moldova,MDA,2012,0.2915884
1451,Moldova,MDA,2013,0.2853416
1452,Moldova,MDA,2014,0.26833853
1453,Moldova,MDA,2015,0.27028158
1454,Moldova,MDA,2016,0.26345387
1455,Moldova,MDA,2017,0.25899243
1456,Moldova,MDA,2018,0.25661647
1457,Moldova,MDA,2019,0.26016647
1458,Moldova,MDA,2021,0.25731638
1459,Mongolia,MNG,1995,0.3319534
1460,Mongolia,MNG,1998,0.30271962
1461,Mongolia,MNG,2002,0.32892948
1462,Mongolia,MNG,2007,0.3582187
1463,Mongolia,MNG,2010,0.33081213
1464,Mongolia,MNG,2011,0.33883506
1465,Mongolia,MNG,2012,0.33751616
1466,Mongolia,MNG,2014,0.3203779
1467,Mongolia,MNG,2016,0.32345733
1468,Mongolia,MNG,2018,0.3274099
1469,Montenegro,MNE,2005,0.30217275
1470,Montenegro,MNE,2006,0.3003536
1471,Montenegro,MNE,2007,0.3144807
1472,Montenegro,MNE,2008,0.30487993
1473,Montenegro,MNE,2009,0.31008518
1474,Montenegro,MNE,2010,0.28893095
1475,Montenegro,MNE,2011,0.30819854
1476,Montenegro,MNE,2012,0.32273737
1477,Montenegro,MNE,2013,0.32442936
1478,Montenegro,MNE,2014,0.31926522
1479,Montenegro,MNE,2015,0.39005032
1480,Montenegro,MNE,2016,0.38487947
1481,Montenegro,MNE,2017,0.36906824
1482,Montenegro,MNE,2018,0.36811927
1483,Morocco,MAR,1984,0.39186636
1484,Morocco,MAR,1990,0.39206904
1485,Morocco,MAR,1998,0.39353913
1486,Morocco,MAR,2000,0.40637007
1487,Morocco,MAR,2006,0.40718302
1488,Morocco,MAR,2013,0.39548507
1489,Mozambique,MOZ,1996,0.53559864
1490,Mozambique,MOZ,2002,0.4703907
1491,Mozambique,MOZ,2008,0.45578337
1492,Mozambique,MOZ,2014,0.5399668
1493,Mozambique,MOZ,2019,0.5045398
1494,Myanmar,MMR,2015,0.3806851
1495,Myanmar,MMR,2017,0.3069687
1496,Namibia,NAM,2003,0.6331876
1497,Namibia,NAM,2009,0.60965174
1498,Namibia,NAM,2015,0.5906661
1499,Nauru,NRU,2012,0.3236158
1500,Nepal,NPL,1984,0.3005754
1501,Nepal,NPL,1995,0.35207018
1502,Nepal,NPL,2003,0.43768105
1503,Nepal,NPL,2010,0.32840586
1504,Netherlands,NLD,1983,0.28366053
1505,Netherlands,NLD,1987,0.26771623
1506,Netherlands,NLD,1990,0.31090072
1507,Netherlands,NLD,1993,0.3043498
1508,Netherlands,NLD,1999,0.28063396
1509,Netherlands,NLD,2004,0.29800025
1510,Netherlands,NLD,2005,0.2904823
1511,Netherlands,NLD,2006,0.30043328
1512,Netherlands,NLD,2007,0.2959278
1513,Netherlands,NLD,2008,0.29298013
1514,Netherlands,NLD,2009,0.27881998
1515,Netherlands,NLD,2010,0.2784525
1516,Netherlands,NLD,2011,0.27750087
1517,Netherlands,NLD,2012,0.2762093
1518,Netherlands,NLD,2013,0.2810648
1519,Netherlands,NLD,2014,0.2863142
1520,Netherlands,NLD,2015,0.2824158
1521,Netherlands,NLD,2016,0.2817357
1522,Netherlands,NLD,2017,0.2853582
1523,Netherlands,NLD,2018,0.2812108
1524,Netherlands,NLD,2019,0.29248333
1525,Netherlands,NLD,2020,0.2599421
1526,Nicaragua,NIC,1993,0.49061748
1527,Nicaragua,NIC,1998,0.44997308
1528,Nicaragua,NIC,2001,0.42998204
1529,Nicaragua,NIC,2005,0.40531987
1530,Nicaragua,NIC,2009,0.43942162
1531,Nicaragua,NIC,2014,0.46156293
1532,Niger,NER,1992,0.36097544
1533,Niger,NER,1994,0.41525966
1534,Niger,NER,2005,0.44425443
1535,Niger,NER,2007,0.37304455
1536,Niger,NER,2011,0.31451714
1537,Niger,NER,2014,0.34276575
1538,Niger,NER,2018,0.37259424
1539,Nigeria,NGA,1985,0.3867785
1540,Nigeria,NGA,1992,0.44984055
1541,Nigeria,NGA,1996,0.51922244
1542,Nigeria,NGA,2003,0.40063578
1543,Nigeria,NGA,2010,0.3565021
1544,Nigeria,NGA,2012,0.35513008
1545,Nigeria,NGA,2015,0.3587978
1546,Nigeria,NGA,2018,0.35127744
1547,North Macedonia,MKD,1998,0.2812858
1548,North Macedonia,MKD,2000,0.34263873
1549,North Macedonia,MKD,2002,0.38509068
1550,North Macedonia,MKD,2003,0.38722393
1551,North Macedonia,MKD,2004,0.3843255
1552,North Macedonia,MKD,2005,0.3930525
1553,North Macedonia,MKD,2006,0.42642504
1554,North Macedonia,MKD,2008,0.46141624
1555,North Macedonia,MKD,2009,0.42764455
1556,North Macedonia,MKD,2010,0.40160623
1557,North Macedonia,MKD,2011,0.39374107
1558,North Macedonia,MKD,2012,0.38136518
1559,North Macedonia,MKD,2013,0.36242935
1560,North Macedonia,MKD,2014,0.35205436
1561,North Macedonia,MKD,2015,0.3559466
1562,North Macedonia,MKD,2016,0.3453469
1563,North Macedonia,MKD,2017,0.34200203
1564,North Macedonia,MKD,2018,0.329607
1565,North Macedonia,MKD,2019,0.33505884
1566,Norway,NOR,1979,0.2689476
1567,Norway,NOR,1986,0.24630482
1568,Norway,NOR,1991,0.25227585
1569,Norway,NOR,1995,0.26020533
1570,Norway,NOR,2000,0.27358785
1571,Norway,NOR,2003,0.27627292
1572,Norway,NOR,2004,0.31579077
1573,Norway,NOR,2005,0.3059756
1574,Norway,NOR,2006,0.26354173
1575,Norway,NOR,2007,0.27090815
1576,Norway,NOR,2008,0.26996532
1577,Norway,NOR,2009,0.2615837
1578,Norway,NOR,2010,0.25723967
1579,Norway,NOR,2011,0.25300366
1580,Norway,NOR,2012,0.25726262
1581,Norway,NOR,2013,0.26361203
1582,Norway,NOR,2014,0.26752627
1583,Norway,NOR,2015,0.27496895
1584,Norway,NOR,2016,0.28493744
1585,Norway,NOR,2017,0.2698733
1586,Norway,NOR,2018,0.27560863
1587,Norway,NOR,2019,0.27742285
1588,Pakistan,PAK,1987,0.33316898
1589,Pakistan,PAK,1990,0.3324866
1590,Pakistan,PAK,1996,0.28664988
1591,Pakistan,PAK,1998,0.33123294
1592,Pakistan,PAK,2001,0.2865302
1593,Pakistan,PAK,2004,0.30886108
1594,Pakistan,PAK,2005,0.31261253
1595,Pakistan,PAK,2007,0.29669502
1596,Pakistan,PAK,2010,0.28780863
1597,Pakistan,PAK,2011,0.29697958
1598,Pakistan,PAK,2013,0.29528573
1599,Pakistan,PAK,2015,0.31291267
1600,Pakistan,PAK,2018,0.29589266
1601,Palestine,PSE,2004,0.3404466
1602,Palestine,PSE,2005,0.34742624
1603,Palestine,PSE,2006,0.3395928
1604,Palestine,PSE,2007,0.35606077
1605,Palestine,PSE,2009,0.34463975
1606,Palestine,PSE,2010,0.3529443
1607,Palestine,PSE,2011,0.34415236
1608,Palestine,PSE,2016,0.3369004
1609,Panama,PAN,1979,0.48740143
1610,Panama,PAN,1989,0.5890771
1611,Panama,PAN,1991,0.5821962
1612,Panama,PAN,1995,0.57811224
1613,Panama,PAN,1997,0.5823173
1614,Panama,PAN,1998,0.57480836
1615,Panama,PAN,1999,0.5645578
1616,Panama,PAN,2000,0.56639016
1617,Panama,PAN,2001,0.5674528
1618,Panama,PAN,2002,0.5610198
1619,Panama,PAN,2003,0.55662787
1620,Panama,PAN,2004,0.54780126
1621,Panama,PAN,2005,0.5381147
1622,Panama,PAN,2006,0.546454
1623,Panama,PAN,2007,0.5268926
1624,Panama,PAN,2008,0.52693385
1625,Panama,PAN,2009,0.5177117
1626,Panama,PAN,2010,0.5160976
1627,Panama,PAN,2011,0.51348317
1628,Panama,PAN,2012,0.51739955
1629,Panama,PAN,2013,0.51457196
1630,Panama,PAN,2014,0.5046687
1631,Panama,PAN,2015,0.50806665
1632,Panama,PAN,2016,0.5040773
1633,Panama,PAN,2017,0.49888504
1634,Panama,PAN,2018,0.49212474
1635,Panama,PAN,2019,0.49838337
1636,Panama,PAN,2021,0.50861204
1637,Papua New Guinea,PNG,1996,0.4577135
1638,Papua New Guinea,PNG,2009,0.41850787
1639,Paraguay,PRY,1990,0.40839344
1640,Paraguay,PRY,1995,0.5815904
1641,Paraguay,PRY,1997,0.5489243
1642,Paraguay,PRY,1999,0.54577464
1643,Paraguay,PRY,2001,0.546293
1644,Paraguay,PRY,2002,0.5727629
1645,Paraguay,PRY,2003,0.5493835
1646,Paraguay,PRY,2004,0.5226281
1647,Paraguay,PRY,2005,0.5138179
1648,Paraguay,PRY,2006,0.5299549
1649,Paraguay,PRY,2007,0.5304121
1650,Paraguay,PRY,2008,0.50704694
1651,Paraguay,PRY,2009,0.4914576
1652,Paraguay,PRY,2010,0.5098244
1653,Paraguay,PRY,2011,0.5230993
1654,Paraguay,PRY,2012,0.47633564
1655,Paraguay,PRY,2013,0.4793603
1656,Paraguay,PRY,2014,0.50702643
1657,Paraguay,PRY,2015,0.47605908
1658,Paraguay,PRY,2016,0.47899717
1659,Paraguay,PRY,2017,0.4854749
1660,Paraguay,PRY,2018,0.459551
1661,Paraguay,PRY,2019,0.45650637
1662,Paraguay,PRY,2020,0.43481943
1663,Paraguay,PRY,2021,0.42905566
1664,Paraguay,PRY,2022,0.45109698
1665,Peru,PER,1985,0.45634982
1666,Peru,PER,1994,0.44023988
1667,Peru,PER,1997,0.53259367
1668,Peru,PER,1998,0.5512152
1669,Peru,PER,1999,0.54828894
1670,Peru,PER,2000,0.49073362
1671,Peru,PER,2001,0.5130633
1672,Peru,PER,2002,0.53565925
1673,Peru,PER,2003,0.5308133
1674,Peru,PER,2004,0.4988085
1675,Peru,PER,2005,0.50451356
1676,Peru,PER,2006,0.50332856
1677,Peru,PER,2007,0.5002204
1678,Peru,PER,2008,0.4748734
1679,Peru,PER,2009,0.4700658
1680,Peru,PER,2010,0.45537925
1681,Peru,PER,2011,0.4466015
1682,Peru,PER,2012,0.4444041
1683,Peru,PER,2013,0.43882897
1684,Peru,PER,2014,0.43139225
1685,Peru,PER,2015,0.433564
1686,Peru,PER,2016,0.43639258
1687,Peru,PER,2017,0.4329279
1688,Peru,PER,2018,0.42387646
1689,Peru,PER,2019,0.41562784
1690,Peru,PER,2020,0.43794137
1691,Peru,PER,2021,0.40249866
1692,Philippines,PHL,1985,0.41037434
1693,Philippines,PHL,1988,0.4074627
1694,Philippines,PHL,1991,0.43823552
1695,Philippines,PHL,1994,0.42888388
1696,Philippines,PHL,1997,0.45962209
1697,Philippines,PHL,2000,0.42799473
1698,Philippines,PHL,2003,0.4149466
1699,Philippines,PHL,2006,0.4285884
1700,Philippines,PHL,2009,0.41760337
1701,Philippines,PHL,2012,0.4222433
1702,Philippines,PHL,2015,0.40351498
1703,Philippines,PHL,2018,0.37811705
1704,Philippines,PHL,2021,0.37268466
1705,Poland,POL,1985,0.25164965
1706,Poland,POL,1986,0.27984542
1707,Poland,POL,1987,0.2552513
1708,Poland,POL,1989,0.2689247
1709,Poland,POL,1992,0.29298562
1710,Poland,POL,1993,0.266989
1711,Poland,POL,1995,0.3464472
1712,Poland,POL,1996,0.3265542
1713,Poland,POL,1998,0.32318738
1714,Poland,POL,1999,0.3259037
1715,Poland,POL,2000,0.32965538
1716,Poland,POL,2001,0.32849026
1717,Poland,POL,2002,0.34050205
1718,Poland,POL,2003,0.34911335
1719,Poland,POL,2004,0.3542606
1720,Poland,POL,2005,0.3449258
1721,Poland,POL,2006,0.33709115
1722,Poland,POL,2007,0.3350894
1723,Poland,POL,2008,0.33717042
1724,Poland,POL,2009,0.3357809
1725,Poland,POL,2010,0.33218834
1726,Poland,POL,2011,0.32776344
1727,Poland,POL,2012,0.32391277
1728,Poland,POL,2013,0.3254952
1729,Poland,POL,2014,0.32080153
1730,Poland,POL,2015,0.31823528
1731,Poland,POL,2016,0.3079635
1732,Poland,POL,2017,0.30296582
1733,Poland,POL,2018,0.3114105
1734,Poland,POL,2019,0.30239472
1735,Portugal,PRT,2003,0.38775352
1736,Portugal,PRT,2004,0.38938835
1737,Portugal,PRT,2005,0.38480073
1738,Portugal,PRT,2006,0.3806078
1739,Portugal,PRT,2007,0.36750183
1740,Portugal,PRT,2008,0.3663415
1741,Portugal,PRT,2009,0.34907416
1742,Portugal,PRT,2010,0.35844672
1743,Portugal,PRT,2011,0.36344677
1744,Portugal,PRT,2012,0.36034793
1745,Portugal,PRT,2013,0.36187103
1746,Portugal,PRT,2014,0.35562173
1747,Portugal,PRT,2015,0.355233
1748,Portugal,PRT,2016,0.3519052
1749,Portugal,PRT,2017,0.3380384
1750,Portugal,PRT,2018,0.33492562
1751,Portugal,PRT,2019,0.32762748
1752,Portugal,PRT,2020,0.3466863
1753,Romania,ROU,1989,0.23307304
1754,Romania,ROU,1992,0.25461727
1755,Romania,ROU,1994,0.28200582
1756,Romania,ROU,1995,0.31158027
1757,Romania,ROU,1997,0.30504426
1758,Romania,ROU,1998,0.3108324
1759,Romania,ROU,1999,0.29417667
1760,Romania,ROU,2000,0.29323864
1761,Romania,ROU,2001,0.2942906
1762,Romania,ROU,2002,0.30229938
1763,Romania,ROU,2003,0.2991129
1764,Romania,ROU,2004,0.30039373
1765,Romania,ROU,2005,0.2981939
1766,Romania,ROU,2006,0.30464298
1767,Romania,ROU,2007,0.3020729
1768,Romania,ROU,2008,0.29583812
1769,Romania,ROU,2009,0.28189346
1770,Romania,ROU,2010,0.2815824
1771,Romania,ROU,2011,0.2721152
1772,Romania,ROU,2012,0.27334237
1773,Romania,ROU,2013,0.274507
1774,Romania,ROU,2014,0.3601154
1775,Romania,ROU,2015,0.3591389
1776,Romania,ROU,2016,0.28345704
1777,Romania,ROU,2017,0.36016828
1778,Romania,ROU,2018,0.28782865
1779,Romania,ROU,2019,0.348042
1780,Romania,ROU,2020,0.3457247
1781,Russia,RUS,1993,0.48375738
1782,Russia,RUS,1996,0.46103463
1783,Russia,RUS,1997,0.38409233
1784,Russia,RUS,1998,0.3813704
1785,Russia,RUS,1999,0.37443444
1786,Russia,RUS,2000,0.3709283
1787,Russia,RUS,2001,0.36925116
1788,Russia,RUS,2002,0.3728383
1789,Russia,RUS,2003,0.3997157
1790,Russia,RUS,2004,0.40315843
1791,Russia,RUS,2005,0.41265607
1792,Russia,RUS,2006,0.4095095
1793,Russia,RUS,2007,0.42272472
1794,Russia,RUS,2008,0.41568586
1795,Russia,RUS,2009,0.398456
1796,Russia,RUS,2010,0.39548978
1797,Russia,RUS,2011,0.39749315
1798,Russia,RUS,2012,0.40714827
1799,Russia,RUS,2013,0.40884423
1800,Russia,RUS,2014,0.3988122
1801,Russia,RUS,2015,0.37740842
1802,Russia,RUS,2016,0.368485
1803,Russia,RUS,2017,0.37239072
1804,Russia,RUS,2018,0.37473005
1805,Russia,RUS,2019,0.37691438
1806,Russia,RUS,2020,0.3602981
1807,Rwanda,RWA,2000,0.48547274
1808,Rwanda,RWA,2005,0.52039415
1809,Rwanda,RWA,2010,0.47222415
1810,Rwanda,RWA,2013,0.4511283
1811,Rwanda,RWA,2016,0.43710047
1812,Rwanda (rural),,1984,0.28898594
1813,Saint Lucia,LCA,1995,0.4258438
1814,Saint Lucia,LCA,2016,0.5123331
1815,Samoa,WSM,2002,0.4073552
1816,Samoa,WSM,2008,0.4204655
1817,Samoa,WSM,2013,0.3873181
1818,Sao Tome and Principe,STP,2000,0.32125893
1819,Sao Tome and Principe,STP,2010,0.3082127
1820,Sao Tome and Principe,STP,2017,0.40749592
1821,Senegal,SEN,1991,0.5413736
1822,Senegal,SEN,1994,0.41440713
1823,Senegal,SEN,2001,0.41229436
1824,Senegal,SEN,2005,0.39222282
1825,Senegal,SEN,2011,0.40285224
1826,Senegal,SEN,2018,0.38314784
1827,Serbia,SRB,2002,0.32743752
1828,Serbia,SRB,2003,0.32828978
1829,Serbia,SRB,2004,0.3547365
1830,Serbia,SRB,2005,0.36460423
1831,Serbia,SRB,2006,0.2972948
1832,Serbia,SRB,2007,0.287067
1833,Serbia,SRB,2008,0.2756142
1834,Serbia,SRB,2009,0.2797415
1835,Serbia,SRB,2010,0.29016605
1836,Serbia,SRB,2012,0.39924657
1837,Serbia,SRB,2013,0.29017115
1838,Serbia,SRB,2014,0.40494144
1839,Serbia,SRB,2015,0.28515735
1840,Serbia,SRB,2016,0.38832498
1841,Serbia,SRB,2017,0.36151898
1842,Serbia,SRB,2018,0.30351058
1843,Serbia,SRB,2019,0.28953245
1844,Serbia,SRB,2020,0.34952334
1845,Seychelles,SYC,1999,0.42776692
1846,Seychelles,SYC,2006,0.42767617
1847,Seychelles,SYC,2013,0.4682279
1848,Seychelles,SYC,2018,0.3212532
1849,Sierra Leone,SLE,2003,0.4016773
1850,Sierra Leone,SLE,2011,0.3403024
1851,Sierra Leone,SLE,2018,0.35690176
1852,Slovakia,SVK,1992,0.20186578
1853,Slovakia,SVK,1996,0.26277685
1854,Slovakia,SVK,2004,0.28937387
1855,Slovakia,SVK,2005,0.29834425
1856,Slovakia,SVK,2006,0.2770951
1857,Slovakia,SVK,2007,0.28004834
1858,Slovakia,SVK,2008,0.26874396
1859,Slovakia,SVK,2009,0.26016095
1860,Slovakia,SVK,2010,0.2731572
1861,Slovakia,SVK,2011,0.26538378
1862,Slovakia,SVK,2012,0.26116297
1863,Slovakia,SVK,2013,0.2808621
1864,Slovakia,SVK,2014,0.26106635
1865,Slovakia,SVK,2015,0.26491657
1866,Slovakia,SVK,2016,0.25167745
1867,Slovakia,SVK,2017,0.23237751
1868,Slovakia,SVK,2018,0.24970147
1869,Slovakia,SVK,2019,0.23232324
1870,Slovenia,SVN,1987,0.2359837
1871,Slovenia,SVN,1993,0.2918499
1872,Slovenia,SVN,1997,0.241215
1873,Slovenia,SVN,1998,0.28406683
1874,Slovenia,SVN,1999,0.24042886
1875,Slovenia,SVN,2002,0.2912161
1876,Slovenia,SVN,2003,0.30866024
1877,Slovenia,SVN,2004,0.24790739
1878,Slovenia,SVN,2005,0.24634863
1879,Slovenia,SVN,2006,0.24363928
1880,Slovenia,SVN,2007,0.24354753
1881,Slovenia,SVN,2008,0.23718019
1882,Slovenia,SVN,2009,0.24787736
1883,Slovenia,SVN,2010,0.24933259
1884,Slovenia,SVN,2011,0.24868034
1885,Slovenia,SVN,2012,0.25585502
1886,Slovenia,SVN,2013,0.26241106
1887,Slovenia,SVN,2014,0.25657535
1888,Slovenia,SVN,2015,0.25408465
1889,Slovenia,SVN,2016,0.24757937
1890,Slovenia,SVN,2017,0.24219307
1891,Slovenia,SVN,2018,0.24633364
1892,Slovenia,SVN,2019,0.24384232
1893,Slovenia,SVN,2020,0.24031529
1894,Solomon Islands,SLB,2005,0.46096852
1895,Solomon Islands,SLB,2012,0.37054926
1896,South Africa,ZAF,1993,0.5933394
1897,South Africa,ZAF,2000,0.5776966
1898,South Africa,ZAF,2005,0.6476249
1899,South Africa,ZAF,2008,0.63009
1900,South Africa,ZAF,2010,0.63383186
1901,South Africa,ZAF,2014,0.6302607
1902,South Korea,KOR,2006,0.31702983
1903,South Korea,KOR,2008,0.32324833
1904,South Korea,KOR,2010,0.32021224
1905,South Korea,KOR,2012,0.31558052
1906,South Korea,KOR,2014,0.31192905
1907,South Korea,KOR,2016,0.31404856
1908,South Sudan,SSD,2009,0.4634066
1909,South Sudan,SSD,2016,0.44144127
1910,Spain,ESP,1980,0.34483546
1911,Spain,ESP,1985,0.34431675
1912,Spain,ESP,1990,0.3202374
1913,Spain,ESP,1993,0.35660908
1914,Spain,ESP,1994,0.35105494
1915,Spain,ESP,1995,0.3572753
1916,Spain,ESP,1996,0.36467546
1917,Spain,ESP,1997,0.3532627
1918,Spain,ESP,1998,0.34582463
1919,Spain,ESP,1999,0.33793756
1920,Spain,ESP,2000,0.34129852
1921,Spain,ESP,2003,0.31804666
1922,Spain,ESP,2004,0.33305293
1923,Spain,ESP,2005,0.32435638
1924,Spain,ESP,2006,0.33545226
1925,Spain,ESP,2007,0.34138834
1926,Spain,ESP,2008,0.34221572
1927,Spain,ESP,2009,0.34926125
1928,Spain,ESP,2010,0.35246837
1929,Spain,ESP,2011,0.35698605
1930,Spain,ESP,2012,0.3540633
1931,Spain,ESP,2013,0.36185166
1932,Spain,ESP,2014,0.36054415
1933,Spain,ESP,2015,0.3618142
1934,Spain,ESP,2016,0.35759893
1935,Spain,ESP,2017,0.34654546
1936,Spain,ESP,2018,0.3471895
1937,Spain,ESP,2019,0.34305838
1938,Spain,ESP,2020,0.3486563
1939,Sri Lanka,LKA,1985,0.32467854
1940,Sri Lanka,LKA,1990,0.32447433
1941,Sri Lanka,LKA,1995,0.35399538
1942,Sri Lanka,LKA,2002,0.40171906
1943,Sri Lanka,LKA,2006,0.3966902
1944,Sri Lanka,LKA,2009,0.36054152
1945,Sri Lanka,LKA,2012,0.38713607
1946,Sri Lanka,LKA,2016,0.39345774
1947,Sri Lanka,LKA,2019,0.37663776
1948,Sudan,SDN,2009,0.35395336
1949,Sudan,SDN,2014,0.34243196
1950,Suriname (urban),,1999,0.57851404
1951,Sweden,SWE,1975,0.2428547
1952,Sweden,SWE,1981,0.22923574
1953,Sweden,SWE,1987,0.23057628
1954,Sweden,SWE,1992,0.24908733
1955,Sweden,SWE,1995,0.25236505
1956,Sweden,SWE,2000,0.2723644
1957,Sweden,SWE,2002,0.25799814
1958,Sweden,SWE,2003,0.25269747
1959,Sweden,SWE,2004,0.26142174
1960,Sweden,SWE,2005,0.26825675
1961,Sweden,SWE,2006,0.26352492
1962,Sweden,SWE,2007,0.27116105
1963,Sweden,SWE,2008,0.28121334
1964,Sweden,SWE,2009,0.2734147
1965,Sweden,SWE,2010,0.2773816
1966,Sweden,SWE,2011,0.2760662
1967,Sweden,SWE,2012,0.2764538
1968,Sweden,SWE,2013,0.2882522
1969,Sweden,SWE,2014,0.28389722
1970,Sweden,SWE,2015,0.29210192
1971,Sweden,SWE,2016,0.29562175
1972,Sweden,SWE,2017,0.28774604
1973,Sweden,SWE,2018,0.2997419
1974,Sweden,SWE,2019,0.29305574
1975,Sweden,SWE,2020,0.28871885
1976,Switzerland,CHE,1982,0.36007375
1977,Switzerland,CHE,1992,0.33856407
1978,Switzerland,CHE,2000,0.33431056
1979,Switzerland,CHE,2002,0.31686732
1980,Switzerland,CHE,2006,0.33918807
1981,Switzerland,CHE,2007,0.34255534
1982,Switzerland,CHE,2008,0.337947
1983,Switzerland,CHE,2009,0.32855856
1984,Switzerland,CHE,2010,0.3255303
1985,Switzerland,CHE,2011,0.3171362
1986,Switzerland,CHE,2012,0.31567127
1987,Switzerland,CHE,2013,0.3246219
1988,Switzerland,CHE,2014,0.3252566
1989,Switzerland,CHE,2015,0.32306957
1990,Switzerland,CHE,2016,0.33042452
1991,Switzerland,CHE,2017,0.32676333
1992,Switzerland,CHE,2018,0.3314105
1993,Syria,SYR,1996,0.3516938
1994,Syria,SYR,2003,0.37514603
1995,Taiwan,TWN,1981,0.29969484
1996,Taiwan,TWN,1986,0.29707956
1997,Taiwan,TWN,1991,0.29967803
1998,Taiwan,TWN,1995,0.31324142
1999,Taiwan,TWN,1997,0.30822107
2000,Taiwan,TWN,2000,0.31111476
2001,Taiwan,TWN,2005,0.32179585
2002,Taiwan,TWN,2007,0.32124567
2003,Taiwan,TWN,2010,0.33213326
2004,Taiwan,TWN,2013,0.32487386
2005,Taiwan,TWN,2016,0.31482714
2006,Tajikistan,TJK,1999,0.29543138
2007,Tajikistan,TJK,2003,0.32722694
2008,Tajikistan,TJK,2004,0.3360195
2009,Tajikistan,TJK,2007,0.32191613
2010,Tajikistan,TJK,2009,0.30774954
2011,Tajikistan,TJK,2015,0.33995718
2012,Tanzania,TZA,1991,0.35292223
2013,Tanzania,TZA,2000,0.3730113
2014,Tanzania,TZA,2007,0.40279096
2015,Tanzania,TZA,2011,0.3778315
2016,Tanzania,TZA,2018,0.4049123
2017,Thailand,THA,1981,0.45216823
2018,Thailand,THA,1988,0.438386
2019,Thailand,THA,1990,0.45265648
2020,Thailand,THA,1992,0.47857958
2021,Thailand,THA,1994,0.43470213
2022,Thailand,THA,1996,0.42904922
2023,Thailand,THA,1998,0.41455793
2024,Thailand,THA,1999,0.43091586
2025,Thailand,THA,2000,0.42833668
2026,Thailand,THA,2002,0.41944495
2027,Thailand,THA,2004,0.42540312
2028,Thailand,THA,2006,0.41819033
2029,Thailand,THA,2007,0.39761516
2030,Thailand,THA,2008,0.40288273
2031,Thailand,THA,2009,0.39601263
2032,Thailand,THA,2010,0.3940277
2033,Thailand,THA,2011,0.37459034
2034,Thailand,THA,2012,0.39256668
2035,Thailand,THA,2013,0.37847108
2036,Thailand,THA,2014,0.37032664
2037,Thailand,THA,2015,0.35987332
2038,Thailand,THA,2016,0.3689063
2039,Thailand,THA,2017,0.36528754
2040,Thailand,THA,2018,0.36412174
2041,Thailand,THA,2019,0.34855723
2042,Thailand,THA,2020,0.34985816
2043,Thailand,THA,2021,0.35115325
2044,Togo,TGO,2006,0.42212576
2045,Togo,TGO,2011,0.46020582
2046,Togo,TGO,2015,0.4305614
2047,Togo,TGO,2018,0.42534238
2048,Tonga,TON,2000,0.37690175
2049,Tonga,TON,2009,0.3749649
2050,Tonga,TON,2015,0.33521304
2051,Trinidad and Tobago,TTO,1988,0.4260131
2052,Trinidad and Tobago,TTO,1992,0.4027297
2053,Tunisia,TUN,1985,0.43433768
2054,Tunisia,TUN,1990,0.40235117
2055,Tunisia,TUN,1995,0.41657296
2056,Tunisia,TUN,2000,0.4080948
2057,Tunisia,TUN,2005,0.37733382
2058,Tunisia,TUN,2010,0.35808256
2059,Tunisia,TUN,2015,0.32815883
2060,Turkey,TUR,1987,0.43477085
2061,Turkey,TUR,1994,0.413152
2062,Turkey,TUR,2002,0.41396376
2063,Turkey,TUR,2003,0.42184338
2064,Turkey,TUR,2004,0.4128751
2065,Turkey,TUR,2005,0.42614657
2066,Turkey,TUR,2006,0.39647412
2067,Turkey,TUR,2007,0.384428
2068,Turkey,TUR,2008,0.3902054
2069,Turkey,TUR,2009,0.3896531
2070,Turkey,TUR,2010,0.3878508
2071,Turkey,TUR,2011,0.40039355
2072,Turkey,TUR,2012,0.40168938
2073,Turkey,TUR,2013,0.401785
2074,Turkey,TUR,2014,0.41236562
2075,Turkey,TUR,2015,0.42854458
2076,Turkey,TUR,2016,0.41873705
2077,Turkey,TUR,2017,0.41405666
2078,Turkey,TUR,2018,0.4187752
2079,Turkey,TUR,2019,0.41909108
2080,Turkmenistan,TKM,1998,0.40806928
2081,Tuvalu,TUV,2010,0.39139032
2082,Uganda,UGA,1989,0.44362718
2083,Uganda,UGA,1992,0.41429362
2084,Uganda,UGA,1996,0.3904372
2085,Uganda,UGA,1999,0.43003753
2086,Uganda,UGA,2002,0.45172325
2087,Uganda,UGA,2005,0.4294474
2088,Uganda,UGA,2009,0.4419556
2089,Uganda,UGA,2012,0.41009966
2090,Uganda,UGA,2016,0.42753693
2091,Uganda,UGA,2019,0.42705452
2092,Ukraine,UKR,1992,0.29708922
2093,Ukraine,UKR,1993,0.28926983
2094,Ukraine,UKR,1995,0.39287537
2095,Ukraine,UKR,1996,0.35155946
2096,Ukraine,UKR,1999,0.28961465
2097,Ukraine,UKR,2002,0.29045695
2098,Ukraine,UKR,2003,0.28664893
2099,Ukraine,UKR,2004,0.28934017
2100,Ukraine,UKR,2005,0.29020715
2101,Ukraine,UKR,2006,0.29794392
2102,Ukraine,UKR,2007,0.27012688
2103,Ukraine,UKR,2008,0.2663823
2104,Ukraine,UKR,2009,0.25316665
2105,Ukraine,UKR,2010,0.24818976
2106,Ukraine,UKR,2011,0.24551843
2107,Ukraine,UKR,2012,0.24740657
2108,Ukraine,UKR,2013,0.24554986
2109,Ukraine,UKR,2014,0.24025366
2110,Ukraine,UKR,2015,0.2545754
2111,Ukraine,UKR,2016,0.25002202
2112,Ukraine,UKR,2017,0.26049048
2113,Ukraine,UKR,2018,0.26071486
2114,Ukraine,UKR,2019,0.26619467
2115,Ukraine,UKR,2020,0.25627363
2116,United Arab Emirates,ARE,2013,0.3251042
2117,United Kingdom,GBR,1968,0.2684166
2118,United Kingdom,GBR,1969,0.27904898
2119,United Kingdom,GBR,1970,0.27964503
2120,United Kingdom,GBR,1971,0.2929356
2121,United Kingdom,GBR,1972,0.28776282
2122,United Kingdom,GBR,1973,0.2881038
2123,United Kingdom,GBR,1974,0.28957152
2124,United Kingdom,GBR,1975,0.27880856
2125,United Kingdom,GBR,1976,0.27589646
2126,United Kingdom,GBR,1977,0.27141878
2127,United Kingdom,GBR,1978,0.2723537
2128,United Kingdom,GBR,1979,0.2743262
2129,United Kingdom,GBR,1980,0.28477892
2130,United Kingdom,GBR,1981,0.2968705
2131,United Kingdom,GBR,1982,0.29903
2132,United Kingdom,GBR,1983,0.29786685
2133,United Kingdom,GBR,1984,0.29166204
2134,United Kingdom,GBR,1985,0.30419374
2135,United Kingdom,GBR,1986,0.31919184
2136,United Kingdom,GBR,1987,0.3385342
2137,United Kingdom,GBR,1988,0.34272873
2138,United Kingdom,GBR,1989,0.33354205
2139,United Kingdom,GBR,1990,0.3574197
2140,United Kingdom,GBR,1991,0.34962818
2141,United Kingdom,GBR,1992,0.34955472
2142,United Kingdom,GBR,1993,0.3507596
2143,United Kingdom,GBR,1994,0.35978922
2144,United Kingdom,GBR,1995,0.3551664
2145,United Kingdom,GBR,1996,0.3529524
2146,United Kingdom,GBR,1997,0.35735163
2147,United Kingdom,GBR,1998,0.36621472
2148,United Kingdom,GBR,1999,0.3678378
2149,United Kingdom,GBR,2000,0.38848642
2150,United Kingdom,GBR,2001,0.37086216
2151,United Kingdom,GBR,2002,0.35146394
2152,United Kingdom,GBR,2003,0.34856063
2153,United Kingdom,GBR,2004,0.34834158
2154,United Kingdom,GBR,2005,0.35485032
2155,United Kingdom,GBR,2006,0.35879987
2156,United Kingdom,GBR,2007,0.34413147
2157,United Kingdom,GBR,2008,0.35445124
2158,United Kingdom,GBR,2009,0.35137364
2159,United Kingdom,GBR,2010,0.337056
2160,United Kingdom,GBR,2011,0.33191085
2161,United Kingdom,GBR,2012,0.33090645
2162,United Kingdom,GBR,2013,0.32699567
2163,United Kingdom,GBR,2014,0.3314094
2164,United Kingdom,GBR,2015,0.33311963
2165,United Kingdom,GBR,2016,0.33109328
2166,United Kingdom,GBR,2017,0.32609162
2167,United Kingdom,GBR,2018,0.33691058
2168,United Kingdom,GBR,2019,0.32825133
2169,United Kingdom,GBR,2020,0.3264552
2170,United States,USA,1963,0.3760505
2171,United States,USA,1964,0.38144752
2172,United States,USA,1965,0.37502176
2173,United States,USA,1966,0.37786198
2174,United States,USA,1967,0.3689021
2175,United States,USA,1968,0.3632897
2176,United States,USA,1969,0.3601636
2177,United States,USA,1970,0.36634982
2178,United States,USA,1971,0.3691998
2179,United States,USA,1972,0.36664388
2180,United States,USA,1973,0.36115494
2181,United States,USA,1974,0.35478327
2182,United States,USA,1975,0.35650107
2183,United States,USA,1976,0.35562193
2184,United States,USA,1977,0.35505962
2185,United States,USA,1978,0.34791657
2186,United States,USA,1979,0.34760424
2187,United States,USA,1980,0.347184
2188,United States,USA,1981,0.3548923
2189,United States,USA,1982,0.36662114
2190,United States,USA,1983,0.37293357
2191,United States,USA,1984,0.3734555
2192,United States,USA,1985,0.376419
2193,United States,USA,1986,0.37557536
2194,United States,USA,1987,0.37197286
2195,United States,USA,1988,0.37705934
2196,United States,USA,1989,0.3823879
2197,United States,USA,1990,0.3826289
2198,United States,USA,1991,0.38045916
2199,United States,USA,1992,0.38373882
2200,United States,USA,1993,0.40364543
2201,United States,USA,1994,0.39986804
2202,United States,USA,1995,0.39854994
2203,United States,USA,1996,0.40309733
2204,United States,USA,1997,0.40525717
2205,United States,USA,1998,0.3995361
2206,United States,USA,1999,0.3998582
2207,United States,USA,2000,0.40140685
2208,United States,USA,2001,0.4059678
2209,United States,USA,2002,0.40354446
2210,United States,USA,2003,0.4077259
2211,United States,USA,2004,0.40253353
2212,United States,USA,2005,0.4096537
2213,United States,USA,2006,0.41398576
2214,United States,USA,2007,0.4079857
2215,United States,USA,2008,0.4081219
2216,United States,USA,2009,0.40610814
2217,United States,USA,2010,0.40010712
2218,United States,USA,2011,0.40937114
2219,United States,USA,2012,0.4093686
2220,United States,USA,2013,0.40652013
2221,United States,USA,2014,0.41511607
2222,United States,USA,2015,0.4123878
2223,United States,USA,2016,0.41121885
2224,United States,USA,2017,0.4118056
2225,United States,USA,2018,0.41407844
2226,United States,USA,2019,0.41535568
2227,United States,USA,2020,0.3968309
2228,United States,USA,2021,0.39751095
2229,Uruguay,URY,2006,0.4594159
2230,Uruguay,URY,2007,0.46405134
2231,Uruguay,URY,2008,0.4508178
2232,Uruguay,URY,2009,0.45541683
2233,Uruguay,URY,2010,0.44475016
2234,Uruguay,URY,2011,0.42175317
2235,Uruguay,URY,2012,0.3990057
2236,Uruguay,URY,2013,0.4045091
2237,Uruguay,URY,2014,0.40111083
2238,Uruguay,URY,2015,0.4012877
2239,Uruguay,URY,2016,0.396955
2240,Uruguay,URY,2017,0.3946453
2241,Uruguay,URY,2018,0.3968724
2242,Uruguay,URY,2019,0.39676544
2243,Uruguay,URY,2020,0.40156105
2244,Uruguay,URY,2021,0.40777358
2245,Uruguay (urban),,1981,0.4364543
2246,Uruguay (urban),,1989,0.4236936
2247,Uruguay (urban),,1992,0.41468138
2248,Uruguay (urban),,1995,0.4092668
2249,Uruguay (urban),,1996,0.40751395
2250,Uruguay (urban),,1997,0.41456774
2251,Uruguay (urban),,1998,0.424824
2252,Uruguay (urban),,2000,0.42905605
2253,Uruguay (urban),,2001,0.45007685
2254,Uruguay (urban),,2002,0.45544374
2255,Uruguay (urban),,2003,0.45033833
2256,Uruguay (urban),,2004,0.45881155
2257,Uruguay (urban),,2005,0.44727802
2258,Uzbekistan,UZB,1998,0.44673175
2259,Uzbekistan,UZB,2000,0.36102813
2260,Uzbekistan,UZB,2002,0.3304368
2261,Uzbekistan,UZB,2003,0.35268798
2262,Vanuatu,VUT,2010,0.37351298
2263,Vanuatu,VUT,2019,0.32317576
2264,Venezuela,VEN,1981,0.55609864
2265,Venezuela,VEN,1987,0.5344797
2266,Venezuela,VEN,1989,0.43838274
2267,Venezuela,VEN,1992,0.4210355
2268,Venezuela,VEN,1995,0.47212258
2269,Venezuela,VEN,1998,0.48063782
2270,Venezuela,VEN,1999,0.4776229
2271,Venezuela,VEN,2001,0.4723142
2272,Venezuela,VEN,2002,0.49013415
2273,Venezuela,VEN,2003,0.4810232
2274,Venezuela,VEN,2004,0.47504124
2275,Venezuela,VEN,2005,0.49459177
2276,Venezuela,VEN,2006,0.44770497
2277,Vietnam,VNM,1992,0.3565456
2278,Vietnam,VNM,1997,0.35442206
2279,Vietnam,VNM,2002,0.37029624
2280,Vietnam,VNM,2004,0.36785832
2281,Vietnam,VNM,2006,0.35788617
2282,Vietnam,VNM,2008,0.35570312
2283,Vietnam,VNM,2010,0.39252725
2284,Vietnam,VNM,2012,0.35645887
2285,Vietnam,VNM,2014,0.34755376
2286,Vietnam,VNM,2016,0.3526674
2287,Vietnam,VNM,2018,0.35715547
2288,Vietnam,VNM,2020,0.36813417
2289,Yemen,YEM,1998,0.34997785
2290,Yemen,YEM,2005,0.34732336
2291,Yemen,YEM,2014,0.36707094
2292,Zambia,ZMB,1991,0.6050619
2293,Zambia,ZMB,1993,0.5260861
2294,Zambia,ZMB,1996,0.48333684
2295,Zambia,ZMB,1998,0.49133778
2296,Zambia,ZMB,2002,0.42061925
2297,Zambia,ZMB,2004,0.5429478
2298,Zambia,ZMB,2006,0.54617506
2299,Zambia,ZMB,2010,0.52034676
2300,Zambia,ZMB,2015,0.55936635
2301,Zimbabwe,ZWE,2011,0.43153575
2302,Zimbabwe,ZWE,2017,0.44337082
2303,Zimbabwe,ZWE,2019,0.5025645
