,country,countryname,oecdmember,eumember,edate,date,party,partyname,partyabbrev,parfam,candidatename,coderid,manual,coderyear,testresult,testeditsim,pervote,voteest,presvote,absseat,totseats,progtype,datasetorigin,corpusversion,total,peruncod,per101,per102,per103,per104,per105,per106,per107,per108,per109,per110,per201,per202,per203,per204,per301,per302,per303,per304,per305,per401,per402,per403,per404,per405,per406,per407,per408,per409,per410,per411,per412,per413,per414,per415,per416,per501,per502,per503,per504,per505,per506,per507,per601,per602,per603,per604,per605,per606,per607,per608,per701,per702,per703,per704,per705,per706,per1011,per1012,per1013,per1014,per1015,per1016,per1021,per1022,per1023,per1024,per1025,per1026,per1031,per1032,per1033,per2021,per2022,per2023,per2031,per2032,per2033,per2041,per3011,per3051,per3052,per3053,per3054,per3055,per4011,per4012,per4013,per4014,per4121,per4122,per4123,per4124,per4131,per4132,per5021,per5031,per5041,per5061,per6011,per6012,per6013,per6014,per6061,per6071,per6072,per6081,per7051,per7052,per7061,per7062,per103_1,per103_2,per201_1,per201_2,per202_1,per202_2,per202_3,per202_4,per305_1,per305_2,per305_3,per305_4,per305_5,per305_6,per416_1,per416_2,per601_1,per601_2,per602_1,per602_2,per605_1,per605_2,per606_1,per606_2,per607_1,per607_2,per607_3,per608_1,per608_2,per608_3,per703_1,per703_2,rile,planeco,markeco,welfare,intpeace,datasetversion,id_perm,Gini coefficient
493,13,Denmark,10,10.0,2015-06-18,201506,13001,Liberal Alliance,,40,,348,5,2019.0,0.751,0.652,7.534,0.0,,13.0,175.0,9,141,2023-1,108.0,0.0,0.0,0.0,0.0,0.0,0.0,0.0,5.556,0.0,0.0,0.0,5.556,0.0,0.0,0.0,4.63,0.0,11.111,0.0,0.0,18.519,0.0,0.0,0.0,0.0,0.0,0.926,0.0,0.0,2.778,0.0,0.0,0.0,0.0,0.0,0.0,0.0,0.0,11.111,3.704,6.481,1.852,2.778,7.407,0.0,0.0,0.0,0.0,0.926,0.0,0.0,0.0,0.0,13.889,0.0,0.0,2.778,0.0,0.0,0.0,0.0,0.0,0.0,0.0,0.0,0.0,0.0,0.0,0.0,0.0,0.0,0.0,0.0,0.0,0.0,0.0,0.0,0.0,0.0,0.0,0.0,0.0,0.0,0.0,0.0,0.0,0.0,0.0,0.0,0.0,0.0,0.0,0.0,0.0,0.0,0.0,0.0,0.0,0.0,0.0,0.0,0.0,0.0,0.0,0.0,0.0,0.0,0.0,0.0,0.0,0.0,0.0,0.0,2.778,2.778,0.0,0.0,0.0,0.0,0.0,0.0,0.0,0.0,0.0,0.0,0.0,0.0,0.0,7.407,0.0,0.0,0.0,0.0,0.926,0.0,0.0,0.0,0.0,0.0,0.0,0.0,13.889,0.0,28.704,0.0,18.519,14.815,0.0,2023a,UQUQQZ,0.28177446
494,13,Denmark,10,10.0,2015-06-18,201506,13110,Alternativ,,20,,348,5,2019.0,0.751,0.652,4.796,0.0,,9.0,175.0,9,141,2023-1,165.0,0.606,0.0,0.0,0.0,0.0,0.0,0.0,0.0,0.0,0.0,0.0,0.0,7.879,0.0,0.0,0.0,0.0,5.455,0.0,0.606,1.212,10.303,1.818,0.0,0.0,0.0,0.0,0.0,0.0,0.0,3.03,5.455,0.0,0.0,0.0,26.061,0.0,0.0,4.848,0.606,0.0,8.485,0.0,0.606,0.0,0.0,0.0,0.0,2.424,0.0,0.0,20.606,0.0,0.0,0.0,0.0,0.0,0.0,0.0,0.0,0.0,0.0,0.0,0.0,0.0,0.0,0.0,0.0,0.0,0.0,0.0,0.0,0.0,0.0,0.0,0.0,0.0,0.0,0.0,0.0,0.0,0.0,0.0,0.0,0.0,0.0,0.0,0.0,0.0,0.0,0.0,0.0,0.0,0.0,0.0,0.0,0.0,0.0,0.0,0.0,0.0,0.0,0.0,0.0,0.0,0.0,0.0,0.0,0.0,0.0,0.0,0.0,0.0,0.0,0.0,0.0,0.0,0.0,7.879,0.606,0.0,0.0,0.0,0.0,0.0,2.424,23.636,0.606,0.0,0.0,0.0,0.0,0.0,2.424,0.0,0.0,0.0,0.0,0.0,0.0,0.0,0.0,0.0,-29.697,7.273,1.212,5.455,0.0,2023a,6RYA49,0.28177446
495,13,Denmark,10,10.0,2015-06-18,201506,13229,Red-Green Unity List,EL,20,,348,5,2019.0,0.751,0.652,7.799,0.0,,14.0,175.0,9,141,2023-1,112.0,0.0,0.0,0.0,0.0,0.0,0.0,0.893,0.893,0.0,0.0,0.893,0.0,0.0,0.0,0.0,0.893,0.0,0.0,0.0,0.0,0.0,0.0,0.0,0.0,0.0,0.0,0.0,0.0,0.0,0.0,0.0,0.0,5.357,0.0,0.0,8.036,4.464,0.0,21.429,24.107,0.0,0.893,0.0,0.0,15.179,0.0,0.0,0.0,0.0,2.679,0.0,14.286,0.0,0.0,0.0,0.0,0.0,0.0,0.0,0.0,0.0,0.0,0.0,0.0,0.0,0.0,0.0,0.0,0.0,0.0,0.0,0.0,0.0,0.0,0.0,0.0,0.0,0.0,0.0,0.0,0.0,0.0,0.0,0.0,0.0,0.0,0.0,0.0,0.0,0.0,0.0,0.0,0.0,0.0,0.0,0.0,0.0,0.0,0.0,0.0,0.0,0.0,0.0,0.0,0.0,0.0,0.0,0.0,0.0,0.0,0.0,0.0,0.0,0.0,0.0,0.0,0.0,0.0,0.0,0.0,0.0,0.0,0.0,0.0,0.0,0.0,8.036,0.0,0.0,0.0,15.179,0.0,0.0,0.0,0.0,0.0,2.679,0.0,0.0,0.0,0.0,0.0,0.0,-46.429,0.0,0.0,45.536,0.893,2023a,CYZGPW,0.28177446
496,13,Denmark,10,10.0,2015-06-18,201506,13230,Socialist People’s Party,SF,20,,348,5,2019.0,0.751,0.652,4.194,0.0,,7.0,175.0,9,141,2023-1,193.0,0.0,0.0,0.0,0.0,0.0,0.0,0.0,0.0,0.0,0.0,0.0,0.0,0.0,0.0,0.0,0.0,0.0,0.0,0.0,4.663,0.0,0.0,0.0,0.0,0.0,0.0,0.0,0.0,0.0,0.0,0.0,0.0,0.0,0.0,0.0,8.808,17.617,0.0,0.0,22.28,0.0,46.114,0.0,0.0,0.0,0.0,0.0,0.0,0.0,0.0,0.0,0.518,0.0,0.0,0.0,0.0,0.0,0.0,0.0,0.0,0.0,0.0,0.0,0.0,0.0,0.0,0.0,0.0,0.0,0.0,0.0,0.0,0.0,0.0,0.0,0.0,0.0,0.0,0.0,0.0,0.0,0.0,0.0,0.0,0.0,0.0,0.0,0.0,0.0,0.0,0.0,0.0,0.0,0.0,0.0,0.0,0.0,0.0,0.0,0.0,0.0,0.0,0.0,0.0,0.0,0.0,0.0,0.0,0.0,0.0,0.0,0.0,0.0,0.0,0.0,0.0,0.0,0.0,0.0,4.663,0.0,0.0,0.0,0.0,0.0,0.0,8.808,0.0,0.0,0.0,0.0,0.0,0.0,0.0,0.0,0.0,0.0,0.0,0.0,0.0,0.0,0.0,0.0,-64.249,0.0,0.0,22.28,0.0,2023a,UQNU6D,0.28177446
497,13,Denmark,10,10.0,2015-06-18,201506,13320,Social Democratic Party,SD,30,,348,5,2019.0,0.751,0.652,26.284,0.0,,47.0,175.0,1,141,2023-1,574.0,0.348,0.0,0.0,0.0,0.0,0.0,0.0,1.045,1.568,0.697,0.0,0.0,0.0,0.0,0.0,0.523,0.0,0.0,0.0,12.718,0.0,1.916,0.0,2.265,0.0,0.0,0.348,0.0,2.091,2.613,4.181,0.0,0.0,3.31,0.0,0.871,4.878,0.0,10.279,20.557,0.0,7.666,0.0,4.704,0.0,0.0,0.0,7.666,0.174,0.0,2.962,1.394,0.0,2.439,0.0,0.0,2.787,0.0,0.0,0.0,0.0,0.0,0.0,0.0,0.0,0.0,0.0,0.0,0.0,0.0,0.0,0.0,0.0,0.0,0.0,0.0,0.0,0.0,0.0,0.0,0.0,0.0,0.0,0.0,0.0,0.0,0.0,0.0,0.0,0.0,0.0,0.0,0.0,0.0,0.0,0.0,0.0,0.0,0.0,0.0,0.0,0.0,0.0,0.0,0.0,0.0,0.0,0.0,0.0,0.0,0.0,0.0,0.0,0.0,0.0,0.0,0.0,0.0,0.0,12.544,0.0,0.174,0.0,0.0,0.0,0.0,0.871,0.523,4.181,0.0,0.0,7.666,0.0,0.174,0.0,0.0,0.0,0.0,0.0,2.962,0.0,2.439,0.0,-2.091,2.265,3.31,30.836,0.0,2023a,A5KO1T,0.28177446
498,13,Denmark,10,10.0,2015-06-18,201506,13410,Danish Social-Liberal Party,RV,40,,348,5,2020.0,0.751,0.652,4.575,0.0,,8.0,175.0,9,141,2023-1,32.0,0.0,0.0,0.0,0.0,0.0,0.0,0.0,3.125,3.125,0.0,0.0,12.5,0.0,0.0,0.0,0.0,0.0,0.0,0.0,12.5,0.0,3.125,0.0,6.25,0.0,0.0,0.0,0.0,0.0,0.0,0.0,0.0,0.0,0.0,0.0,3.125,9.375,0.0,15.625,6.25,0.0,0.0,0.0,3.125,6.25,0.0,0.0,0.0,3.125,0.0,0.0,12.5,0.0,0.0,0.0,0.0,0.0,0.0,0.0,0.0,0.0,0.0,0.0,0.0,0.0,0.0,0.0,0.0,0.0,0.0,0.0,0.0,0.0,0.0,0.0,0.0,0.0,0.0,0.0,0.0,0.0,0.0,0.0,0.0,0.0,0.0,0.0,0.0,0.0,0.0,0.0,0.0,0.0,0.0,0.0,0.0,0.0,0.0,0.0,0.0,0.0,0.0,0.0,0.0,0.0,0.0,0.0,0.0,0.0,0.0,0.0,0.0,0.0,3.125,9.375,0.0,0.0,0.0,0.0,9.375,0.0,3.125,0.0,0.0,0.0,0.0,3.125,3.125,0.0,0.0,6.25,0.0,0.0,3.125,0.0,0.0,0.0,0.0,0.0,0.0,0.0,0.0,0.0,6.25,6.25,0.0,21.875,0.0,2023a,7OSYEJ,0.28177446
499,13,Denmark,10,10.0,2015-06-18,201506,13420,Liberals,V,40,,348,5,2019.0,0.751,0.652,19.471,0.0,,34.0,175.0,9,141,2023-1,101.0,7.921,0.0,0.0,0.0,0.0,0.0,0.0,0.0,0.0,0.0,0.99,0.0,0.0,0.0,0.0,0.0,0.0,0.0,0.0,4.95,4.95,1.98,0.0,0.0,0.0,0.0,0.0,0.0,0.0,12.871,0.0,0.0,0.0,0.0,0.0,0.0,0.0,0.0,0.99,19.802,7.921,0.0,0.0,4.95,0.0,0.0,0.0,15.842,0.0,0.0,13.861,2.97,0.0,0.0,0.0,0.0,0.0,0.0,0.0,0.0,0.0,0.0,0.0,0.0,0.0,0.0,0.0,0.0,0.0,0.0,0.0,0.0,0.0,0.0,0.0,0.0,0.0,0.0,0.0,0.0,0.0,0.0,0.0,0.0,0.0,0.0,0.0,0.0,0.0,0.0,0.0,0.0,0.0,0.0,0.0,0.0,0.0,0.0,0.0,0.0,0.0,0.0,0.0,0.0,0.0,0.0,0.0,0.0,0.0,0.0,0.0,0.0,0.0,0.0,0.0,0.0,0.0,0.0,0.0,4.95,0.0,0.0,0.0,0.0,0.0,0.0,0.0,0.0,4.95,0.0,0.0,15.842,0.0,0.0,0.0,0.0,0.0,0.0,0.0,13.861,0.0,0.0,0.0,17.822,0.0,4.95,20.792,0.0,2023a,E5TPBF,0.28177446
500,13,Denmark,10,10.0,2015-06-18,201506,13620,Conservative People’s Party,KF,60,,348,5,2019.0,0.751,0.652,3.353,0.0,,6.0,175.0,9,141,2023-1,35.0,0.0,0.0,0.0,0.0,0.0,0.0,0.0,0.0,0.0,0.0,0.0,0.0,0.0,0.0,0.0,0.0,0.0,0.0,0.0,0.0,34.286,0.0,0.0,0.0,0.0,0.0,0.0,0.0,0.0,0.0,0.0,0.0,0.0,0.0,0.0,0.0,0.0,17.143,0.0,0.0,0.0,11.429,0.0,0.0,0.0,2.857,0.0,28.571,5.714,0.0,0.0,0.0,0.0,0.0,0.0,0.0,0.0,0.0,0.0,0.0,0.0,0.0,0.0,0.0,0.0,0.0,0.0,0.0,0.0,0.0,0.0,0.0,0.0,0.0,0.0,0.0,0.0,0.0,0.0,0.0,0.0,0.0,0.0,0.0,0.0,0.0,0.0,0.0,0.0,0.0,0.0,0.0,0.0,0.0,0.0,0.0,0.0,0.0,0.0,0.0,0.0,0.0,0.0,0.0,0.0,0.0,0.0,0.0,0.0,0.0,0.0,0.0,0.0,0.0,0.0,0.0,0.0,0.0,0.0,0.0,0.0,0.0,0.0,0.0,0.0,0.0,0.0,0.0,0.0,0.0,0.0,28.571,0.0,5.714,0.0,0.0,0.0,0.0,0.0,0.0,0.0,0.0,0.0,60.0,0.0,34.286,0.0,0.0,2023a,QU3A48,0.28177446
501,13,Denmark,10,10.0,2015-06-18,201506,13720,Danish People’s Party,DF,70,,348,5,2019.0,0.751,0.652,21.078,0.0,,37.0,175.0,9,141,2023-1,32.0,0.0,0.0,0.0,0.0,0.0,0.0,0.0,0.0,0.0,0.0,18.75,0.0,0.0,0.0,0.0,0.0,0.0,0.0,0.0,0.0,0.0,0.0,0.0,0.0,0.0,0.0,0.0,0.0,0.0,0.0,0.0,0.0,0.0,0.0,0.0,0.0,0.0,0.0,0.0,25.0,0.0,0.0,0.0,25.0,0.0,0.0,0.0,18.75,0.0,0.0,12.5,0.0,0.0,0.0,0.0,0.0,0.0,0.0,0.0,0.0,0.0,0.0,0.0,0.0,0.0,0.0,0.0,0.0,0.0,0.0,0.0,0.0,0.0,0.0,0.0,0.0,0.0,0.0,0.0,0.0,0.0,0.0,0.0,0.0,0.0,0.0,0.0,0.0,0.0,0.0,0.0,0.0,0.0,0.0,0.0,0.0,0.0,0.0,0.0,0.0,0.0,0.0,0.0,0.0,0.0,0.0,0.0,0.0,0.0,0.0,0.0,0.0,0.0,0.0,0.0,0.0,0.0,0.0,0.0,0.0,0.0,0.0,0.0,0.0,0.0,0.0,0.0,12.5,12.5,0.0,0.0,18.75,0.0,0.0,0.0,0.0,0.0,0.0,0.0,12.5,0.0,0.0,0.0,18.75,0.0,0.0,25.0,0.0,2023a,23J4F5,0.28177446
657,14,Finland,10,10.0,2015-04-19,201504,14110,Green Union,VL,10,,289,5,2019.0,0.849,0.735,8.526,0.0,,15.0,200.0,1,141,2023-1,278.0,0.36,0.0,0.0,0.0,0.0,0.0,0.0,1.079,0.0,0.0,0.0,2.158,1.079,0.0,0.0,0.0,0.0,0.719,0.0,1.439,0.0,1.799,0.719,0.719,0.0,0.36,0.0,0.0,0.36,1.079,6.115,0.0,0.0,0.36,0.0,0.0,23.022,0.36,12.95,15.827,0.0,16.547,0.0,1.799,0.719,0.36,0.0,0.0,0.0,0.0,0.719,8.633,0.0,0.0,0.0,0.36,0.36,0.0,0.0,0.0,0.0,0.0,0.0,0.0,0.0,0.0,0.0,0.0,0.0,0.0,0.0,0.0,0.0,0.0,0.0,0.0,0.0,0.0,0.0,0.0,0.0,0.0,0.0,0.0,0.0,0.0,0.0,0.0,0.0,0.0,0.0,0.0,0.0,0.0,0.0,0.0,0.0,0.0,0.0,0.0,0.0,0.0,0.0,0.0,0.0,0.0,0.0,0.0,0.0,0.0,0.0,0.0,0.0,1.799,0.36,1.079,0.0,0.0,0.0,1.439,0.0,0.0,0.0,0.0,0.0,0.0,0.0,1.799,0.0,0.0,0.719,0.0,0.0,0.0,0.0,0.0,0.0,0.0,0.0,0.719,0.0,0.0,0.0,-37.05,1.439,0.36,28.777,0.0,2023a,X1HRWS,0.2710204
658,14,Finland,10,10.0,2015-04-19,201504,14223,Left Wing Alliance,VAS,20,,289,5,2019.0,0.849,0.735,7.132,0.0,,12.0,200.0,1,141,2023-1,561.0,0.0,0.0,0.0,0.357,0.891,2.496,0.891,3.387,0.178,0.178,0.178,1.07,2.317,0.0,0.0,1.426,0.0,2.496,0.178,0.0,0.0,0.535,4.813,0.535,0.0,0.357,0.0,0.0,3.03,0.891,11.23,0.535,0.713,0.357,0.0,0.713,8.556,8.556,9.447,12.478,0.0,8.021,0.0,0.0,0.535,0.0,0.535,0.891,0.178,0.357,0.357,9.804,0.0,0.0,0.0,0.0,0.535,0.0,0.0,0.0,0.0,0.0,0.0,0.0,0.0,0.0,0.0,0.0,0.0,0.0,0.0,0.0,0.0,0.0,0.0,0.0,0.0,0.0,0.0,0.0,0.0,0.0,0.0,0.0,0.0,0.0,0.0,0.0,0.0,0.0,0.0,0.0,0.0,0.0,0.0,0.0,0.0,0.0,0.0,0.0,0.0,0.0,0.0,0.0,0.0,0.0,0.0,0.0,0.0,0.0,0.0,0.357,0.0,0.357,0.713,2.317,0.0,0.0,0.0,0.0,0.0,0.0,0.0,0.0,0.0,0.0,0.713,0.0,0.0,0.357,0.178,0.891,0.0,0.178,0.0,0.178,0.0,0.178,0.0,0.357,0.0,0.0,0.0,-42.781,5.882,0.357,21.925,3.387,2023a,Z6BGNP,0.2710204
659,14,Finland,10,10.0,2015-04-19,201504,14320,Finnish Social Democrats,SSDP,30,,289,5,2019.0,0.849,0.735,16.51,0.0,,34.0,200.0,1,141,2023-1,248.0,0.0,0.0,0.0,0.0,3.226,0.0,0.806,0.806,2.419,0.0,0.403,0.403,0.0,0.0,0.0,1.21,0.0,1.613,0.0,0.0,0.0,4.032,1.21,0.806,0.0,0.403,0.0,0.0,2.823,5.242,7.661,0.0,0.0,1.21,0.0,1.21,3.226,2.016,10.484,17.742,0.806,6.048,0.0,0.806,0.403,0.0,0.403,1.613,3.226,0.806,0.0,14.516,0.0,0.0,0.0,0.0,2.419,0.0,0.0,0.0,0.0,0.0,0.0,0.0,0.0,0.0,0.0,0.0,0.0,0.0,0.0,0.0,0.0,0.0,0.0,0.0,0.0,0.0,0.0,0.0,0.0,0.0,0.0,0.0,0.0,0.0,0.0,0.0,0.0,0.0,0.0,0.0,0.0,0.0,0.0,0.0,0.0,0.0,0.0,0.0,0.0,0.0,0.0,0.0,0.0,0.0,0.0,0.0,0.0,0.0,0.0,0.0,0.0,0.0,0.403,0.0,0.0,0.0,0.0,0.0,0.0,0.0,0.0,0.0,0.0,0.0,1.21,0.806,0.0,0.0,0.403,1.613,0.0,3.226,0.0,0.403,0.403,0.0,0.0,0.0,0.0,0.0,0.0,-27.016,2.016,1.21,28.226,0.806,2023a,7SRO5O,0.2710204
660,14,Finland,10,10.0,2015-04-19,201504,14520,Christian Democrats in Finland,KD,50,,289,5,2019.0,0.849,0.735,3.542,0.0,,5.0,200.0,1,141,2023-1,604.0,0.166,0.166,0.0,0.0,5.132,0.0,0.828,2.318,1.49,0.0,2.815,0.993,1.656,0.0,0.0,1.49,0.0,3.477,1.159,0.331,0.166,8.113,2.98,0.0,0.166,0.662,0.331,0.0,0.331,0.166,4.801,0.0,0.166,2.98,0.0,0.166,6.457,0.497,2.152,13.245,1.49,6.291,0.497,0.828,0.662,4.801,0.166,7.45,3.477,0.166,1.49,2.98,0.166,2.98,0.166,0.0,0.993,0.0,0.0,0.0,0.0,0.0,0.0,0.0,0.0,0.0,0.0,0.0,0.0,0.0,0.0,0.0,0.0,0.0,0.0,0.0,0.0,0.0,0.0,0.0,0.0,0.0,0.0,0.0,0.0,0.0,0.0,0.0,0.0,0.0,0.0,0.0,0.0,0.0,0.0,0.0,0.0,0.0,0.0,0.0,0.0,0.0,0.0,0.0,0.0,0.0,0.0,0.0,0.0,0.0,0.0,0.0,0.0,0.497,0.497,1.159,0.0,0.0,0.497,0.331,0.0,0.0,0.0,0.0,0.0,0.0,0.166,0.497,0.331,0.0,0.662,7.45,0.166,3.477,0.0,0.166,0.0,0.0,0.0,1.49,0.0,2.98,0.0,4.967,2.98,3.146,15.397,0.828,2023a,6LM6JL,0.2710204
661,14,Finland,10,10.0,2015-04-19,201504,14620,National Coalition,KK,60,,289,5,2019.0,0.849,0.735,18.198,0.0,,37.0,200.0,1,141,2023-1,359.0,0.557,0.836,0.557,0.0,6.128,0.0,0.0,2.507,1.95,0.0,0.0,1.393,0.557,0.0,0.0,0.279,0.0,6.407,0.0,0.0,0.0,5.571,1.671,0.0,0.0,0.836,0.557,0.0,0.0,2.507,11.421,0.0,0.0,6.128,0.0,1.114,8.078,0.0,1.114,8.914,0.836,13.37,0.557,0.0,0.557,0.0,0.0,3.064,0.836,0.0,0.0,9.192,1.671,0.836,0.0,0.0,0.0,0.0,0.0,0.0,0.0,0.0,0.0,0.0,0.0,0.0,0.0,0.0,0.0,0.0,0.0,0.0,0.0,0.0,0.0,0.0,0.0,0.0,0.0,0.0,0.0,0.0,0.0,0.0,0.0,0.0,0.0,0.0,0.0,0.0,0.0,0.0,0.0,0.0,0.0,0.0,0.0,0.0,0.0,0.0,0.0,0.0,0.0,0.0,0.0,0.0,0.0,0.0,0.0,0.0,0.0,0.0,0.0,0.836,0.557,0.557,0.0,0.0,0.0,0.0,0.0,0.0,0.0,0.0,0.0,0.0,1.114,0.0,0.0,0.0,0.557,3.064,0.0,0.836,0.0,0.0,0.0,0.0,0.0,0.0,0.0,0.836,0.0,-12.535,1.671,6.128,10.028,0.557,2023a,MUJ9BU,0.2710204
662,14,Finland,10,10.0,2015-04-19,201504,14810,Finnish Centre,SK,80,,289,5,2019.0,0.849,0.735,21.096,0.0,,49.0,200.0,1,141,2023-1,230.0,0.0,0.0,0.0,0.0,2.174,0.435,0.87,2.609,1.739,0.0,1.304,2.609,0.87,0.0,0.0,4.783,0.435,6.087,0.0,0.0,0.87,7.391,0.87,0.435,0.0,0.87,0.0,0.0,0.0,2.174,7.826,0.0,0.435,2.609,0.0,0.0,5.217,1.304,2.609,12.609,2.174,6.522,0.87,0.0,0.435,2.609,0.0,1.304,6.522,0.0,0.0,6.087,0.435,0.435,0.0,0.0,3.478,0.0,0.0,0.0,0.0,0.0,0.0,0.0,0.0,0.0,0.0,0.0,0.0,0.0,0.0,0.0,0.0,0.0,0.0,0.0,0.0,0.0,0.0,0.0,0.0,0.0,0.0,0.0,0.0,0.0,0.0,0.0,0.0,0.0,0.0,0.0,0.0,0.0,0.0,0.0,0.0,0.0,0.0,0.0,0.0,0.0,0.0,0.0,0.0,0.0,0.0,0.0,0.0,0.0,0.0,0.0,0.0,2.174,0.435,0.435,0.0,0.0,0.435,0.0,0.0,0.0,0.0,0.0,0.0,0.0,0.0,0.0,0.0,0.0,0.435,1.304,0.0,6.522,0.0,0.0,0.0,0.0,0.0,0.0,0.0,0.435,0.0,-4.348,1.304,3.478,15.217,1.304,2023a,GPYLII,0.2710204
663,14,Finland,10,10.0,2015-04-19,201504,14820,True Finns,PS,70,,289,5,2019.0,0.849,0.735,17.654,0.0,,38.0,200.0,1,141,2023-1,1803.0,0.333,0.0,0.0,0.0,4.603,0.776,0.055,0.721,0.111,0.943,1.664,1.109,0.776,0.222,0.111,1.331,0.0,4.16,0.055,1.331,0.776,1.941,3.161,0.0,0.0,1.276,0.0,0.0,0.166,0.277,4.659,0.388,0.055,1.054,0.0,0.166,0.776,0.721,4.271,16.805,2.163,8.819,0.499,6.434,0.277,2.94,0.333,6.711,0.333,2.496,2.662,1.719,0.055,8.209,0.0,0.832,0.721,0.0,0.0,0.0,0.0,0.0,0.0,0.0,0.0,0.0,0.0,0.0,0.0,0.0,0.0,0.0,0.0,0.0,0.0,0.0,0.0,0.0,0.0,0.0,0.0,0.0,0.0,0.0,0.0,0.0,0.0,0.0,0.0,0.0,0.0,0.0,0.0,0.0,0.0,0.0,0.0,0.0,0.0,0.0,0.0,0.0,0.0,0.0,0.0,0.0,0.0,0.0,0.0,0.0,0.0,0.0,0.0,0.887,0.222,0.666,0.0,0.0,0.111,1.331,0.0,0.0,0.0,0.0,0.0,0.0,0.166,2.662,3.771,0.0,0.277,6.711,0.055,0.333,0.0,2.163,0.0,0.333,0.666,1.997,0.0,8.209,0.0,-4.936,3.55,1.83,21.076,0.832,2023a,4Y7J59,0.2710204
664,14,Finland,10,10.0,2015-04-19,201504,14901,Swedish People’s Party,RKP/SFP,90,,289,5,2019.0,0.849,0.735,4.878,0.0,,10.0,200.0,1,141,2023-1,393.0,0.254,1.527,0.0,0.0,3.817,0.254,0.763,3.817,1.527,0.0,0.254,1.272,2.036,0.0,0.0,3.817,0.0,3.562,0.254,0.0,0.763,3.562,2.29,0.254,0.0,0.254,0.509,0.0,0.509,1.781,6.616,0.0,0.0,2.29,0.0,0.763,6.616,1.272,4.58,8.906,1.781,10.178,0.254,0.0,2.036,0.763,0.0,0.509,2.036,4.326,0.763,9.415,0.0,2.545,0.0,0.0,1.272,0.0,0.0,0.0,0.0,0.0,0.0,0.0,0.0,0.0,0.0,0.0,0.0,0.0,0.0,0.0,0.0,0.0,0.0,0.0,0.0,0.0,0.0,0.0,0.0,0.0,0.0,0.0,0.0,0.0,0.0,0.0,0.0,0.0,0.0,0.0,0.0,0.0,0.0,0.0,0.0,0.0,0.0,0.0,0.0,0.0,0.0,0.0,0.0,0.0,0.0,0.0,0.0,0.0,0.0,0.0,0.0,1.018,0.254,2.036,0.0,0.0,0.0,0.0,0.0,0.0,0.0,0.0,0.0,0.0,0.763,0.0,0.0,0.0,2.036,0.509,0.0,2.036,0.0,3.053,1.018,0.254,0.0,0.763,0.0,2.545,0.0,-20.865,2.545,3.053,13.486,1.018,2023a,7O4A18,0.2710204
1671,33,Spain,10,10.0,2015-12-20,201512,33020,Popular Unity,UP,20,,297,5,2016.0,0.854,0.712,3.676,0.0,,2.0,350.0,8,111,2023-1,1830.0,1.639,0.0,0.0,0.383,0.0,0.929,0.219,0.383,0.0,0.0,0.273,3.115,5.41,0.0,0.437,0.71,0.0,1.257,0.656,0.109,0.0,0.164,7.596,0.109,0.164,0.219,0.0,0.874,0.109,0.164,4.863,1.585,0.328,0.0,0.437,2.35,9.344,9.508,9.454,20.383,0.0,4.262,0.0,0.055,0.164,0.0,2.295,0.109,0.219,0.929,0.0,7.65,0.0,0.656,0.109,0.383,0.0,0.0,0.0,0.0,0.0,0.0,0.0,0.0,0.0,0.0,0.0,0.0,0.0,0.0,0.0,0.0,0.0,0.0,0.0,0.0,0.0,0.0,0.0,0.0,0.0,0.0,0.0,0.0,0.0,0.0,0.0,0.0,0.0,0.0,0.0,0.0,0.0,0.0,0.0,0.0,0.0,0.0,0.0,0.0,0.0,0.0,0.0,0.0,0.0,0.0,0.0,0.0,0.0,0.0,0.0,0.383,0.0,0.0,3.115,3.661,0.0,0.0,1.749,0.109,0.0,0.0,0.0,0.0,0.0,0.164,2.186,0.055,0.0,0.0,0.164,0.109,1.639,0.109,0.109,0.219,0.71,0.0,0.0,0.0,0.0,0.656,0.0,-45.683,9.29,0.0,29.836,1.148,2023a,MSP355,0.3618142
1672,33,Spain,10,10.0,2015-12-20,201512,33095,Basque Country Unite,EH Bildu,90,,297,5,2016.0,0.854,0.712,0.869,0.0,,2.0,350.0,8,111,2023-1,114.0,1.754,0.0,0.0,0.0,0.0,0.0,6.14,0.877,0.0,0.0,3.509,24.561,8.772,0.0,0.0,32.456,0.0,0.0,0.0,0.877,0.0,0.0,0.0,0.0,0.0,3.509,0.0,0.0,0.0,0.0,0.0,0.0,0.0,0.0,0.0,2.632,0.877,0.0,6.14,2.632,0.0,0.0,0.0,0.0,0.0,0.0,1.754,0.0,0.0,0.0,0.0,2.632,0.0,0.877,0.0,0.0,0.0,0.0,0.0,0.0,0.0,0.0,0.0,0.0,0.0,0.0,0.0,0.0,0.0,0.0,0.0,0.0,0.0,0.0,0.0,0.0,0.0,0.0,0.0,0.0,0.0,0.0,0.0,0.0,0.0,0.0,0.0,0.0,0.0,0.0,0.0,0.0,0.0,0.0,0.0,0.0,0.0,0.0,0.0,0.0,0.0,0.0,0.0,0.0,0.0,0.0,0.0,0.0,0.0,0.0,0.0,0.0,0.0,0.0,24.561,8.772,0.0,0.0,0.0,0.877,0.0,0.0,0.0,0.0,0.0,0.0,2.632,0.0,0.0,0.0,0.0,0.0,0.877,0.0,0.0,0.0,0.0,0.0,0.0,0.0,0.0,0.877,0.0,0.877,0.0,0.0,8.772,6.14,2023a,RV7QBD,0.3618142
1673,33,Spain,10,10.0,2015-12-20,201512,33096,In Common We Can,,90,,297,5,2016.0,0.854,0.712,3.688,0.0,,12.0,350.0,8,111,2023-1,2257.0,1.063,0.0,0.0,0.222,0.0,1.551,0.31,0.665,0.532,0.0,0.089,4.386,9.349,0.0,0.0,4.785,0.0,1.949,1.019,0.133,0.0,0.487,7.665,0.177,0.044,0.31,0.0,2.393,1.019,0.31,6.292,1.374,0.399,0.0,0.044,5.051,6.159,2.57,6.203,14.178,0.0,6.69,0.0,0.0,0.044,0.0,1.861,0.133,2.393,0.93,0.0,6.07,0.0,0.62,0.044,0.089,0.399,0.0,0.0,0.0,0.0,0.0,0.0,0.0,0.0,0.0,0.0,0.0,0.0,0.0,0.0,0.0,0.0,0.0,0.0,0.0,0.0,0.0,0.0,0.0,0.0,0.0,0.0,0.0,0.0,0.0,0.0,0.0,0.0,0.0,0.0,0.0,0.0,0.0,0.0,0.0,0.0,0.0,0.0,0.0,0.0,0.0,0.0,0.0,0.0,0.0,0.0,0.0,0.0,0.0,0.0,0.222,0.0,0.089,4.298,5.716,0.0,0.0,3.633,0.133,0.0,0.0,0.0,0.0,0.0,0.62,4.431,0.0,0.0,0.0,0.044,0.133,1.019,0.975,1.418,0.266,0.665,0.0,0.0,0.0,0.0,0.62,0.0,-41.427,9.216,0.0,20.381,1.861,2023a,YVCXAA,0.3618142
1674,33,Spain,10,10.0,2015-12-20,201512,33097,In Tide,,90,,297,5,2016.0,0.854,0.712,1.629,0.0,,6.0,350.0,8,111,2023-1,295.0,2.712,0.0,0.0,0.678,0.0,1.017,0.339,3.39,0.0,0.0,0.0,2.034,7.797,0.0,0.339,4.746,0.0,5.424,2.034,0.0,0.0,1.017,9.153,0.339,0.0,0.339,0.0,1.695,0.339,0.678,2.712,1.017,0.678,0.0,0.0,4.068,6.102,3.729,10.169,11.525,0.0,4.746,0.0,0.0,0.0,0.0,2.712,0.0,0.678,2.034,0.0,4.746,0.0,1.017,0.0,0.0,0.0,0.0,0.0,0.0,0.0,0.0,0.0,0.0,0.0,0.0,0.0,0.0,0.0,0.0,0.0,0.0,0.0,0.0,0.0,0.0,0.0,0.0,0.0,0.0,0.0,0.0,0.0,0.0,0.0,0.0,0.0,0.0,0.0,0.0,0.0,0.0,0.0,0.0,0.0,0.0,0.0,0.0,0.0,0.0,0.0,0.0,0.0,0.0,0.0,0.0,0.0,0.0,0.0,0.0,0.0,0.678,0.0,0.0,2.034,3.39,0.0,0.0,4.407,0.0,0.0,0.0,0.0,0.0,0.0,0.0,4.068,0.0,0.0,0.0,0.0,0.0,1.017,0.678,0.0,0.0,2.034,0.0,0.0,0.0,0.0,1.017,0.0,-42.034,10.508,0.0,21.695,1.356,2023a,FCR23M,0.3618142
1675,33,Spain,10,10.0,2015-12-20,201512,33098,Commitment-We can-It is time,,90,,297,5,2016.0,0.854,0.712,2.672,0.0,,9.0,350.0,8,111,2023-1,1938.0,0.877,0.0,0.0,0.206,0.155,0.052,0.155,0.877,0.0,0.0,0.0,2.167,4.747,0.0,0.258,2.012,0.0,5.212,1.703,0.206,0.0,0.98,7.276,0.155,0.464,0.155,0.0,2.735,0.413,1.032,6.605,0.671,0.206,0.0,0.0,7.224,9.03,2.683,9.236,16.409,0.0,3.406,0.0,0.0,0.0,0.0,1.858,0.464,1.084,1.135,0.0,5.573,0.0,1.961,0.052,0.0,0.568,0.0,0.0,0.0,0.0,0.0,0.0,0.0,0.0,0.0,0.0,0.0,0.0,0.0,0.0,0.0,0.0,0.0,0.0,0.0,0.0,0.0,0.0,0.0,0.0,0.0,0.0,0.0,0.0,0.0,0.0,0.0,0.0,0.0,0.0,0.0,0.0,0.0,0.0,0.0,0.0,0.0,0.0,0.0,0.0,0.0,0.0,0.0,0.0,0.0,0.0,0.0,0.0,0.0,0.0,0.206,0.0,0.103,2.064,3.096,0.052,0.0,1.651,0.206,0.0,0.0,0.0,0.0,0.0,0.0,7.224,0.0,0.0,0.0,0.0,0.464,0.31,0.258,0.826,0.413,0.722,0.0,0.0,0.0,0.0,1.961,0.0,-34.83,8.101,0.0,25.645,0.206,2023a,5DAI7Y,0.3618142
1676,33,Spain,10,10.0,2015-12-20,201512,33099,Democracy and Freedom,DL,90,,297,5,2016.0,0.854,0.712,2.25,0.0,,8.0,350.0,8,111,2023-1,1923.0,0.364,0.0,0.0,0.0,0.52,0.26,0.104,0.988,0.468,0.0,0.0,1.976,1.924,0.052,0.052,30.213,0.0,2.288,0.988,0.936,0.104,3.276,6.552,0.0,0.572,0.052,0.572,3.172,0.208,2.444,9.1,0.312,0.0,0.728,0.0,2.444,3.224,1.976,3.224,13.313,0.052,1.82,0.0,0.0,0.104,0.0,0.156,0.624,0.728,0.416,0.0,2.392,0.0,0.78,0.208,0.208,0.104,0.0,0.0,0.0,0.0,0.0,0.0,0.0,0.0,0.0,0.0,0.0,0.0,0.0,0.0,0.0,0.0,0.0,0.0,0.0,0.0,0.0,0.0,0.0,0.0,0.0,0.0,0.0,0.0,0.0,0.0,0.0,0.0,0.0,0.0,0.0,0.0,0.0,0.0,0.0,0.0,0.0,0.0,0.0,0.0,0.0,0.0,0.0,0.0,0.0,0.0,0.0,0.0,0.0,0.0,0.0,0.0,0.0,1.976,1.768,0.0,0.0,0.156,0.936,0.0,0.0,0.0,0.0,0.0,0.416,2.028,0.0,0.0,0.0,0.104,0.624,0.26,0.728,0.0,0.208,0.208,0.0,0.0,0.0,0.0,0.78,0.0,-18.149,6.864,0.832,16.537,0.364,2023a,ETWU1Z,0.3618142
1677,33,Spain,10,10.0,2015-12-20,201512,33210,We can,,20,,297,5,2016.0,0.854,0.712,12.6,0.0,,42.0,350.0,1,111,2023-1,1748.0,1.201,0.0,0.0,0.4,0.114,0.286,0.0,1.487,0.229,0.0,0.0,4.005,7.208,0.0,0.343,1.659,0.0,8.524,2.517,0.114,0.0,0.858,7.208,0.057,0.286,0.343,0.0,2.117,0.286,0.915,8.467,1.087,0.572,0.0,0.0,3.375,6.693,8.867,6.636,11.156,0.0,5.32,0.0,0.343,0.114,0.0,2.117,0.114,0.0,0.286,0.0,3.375,0.0,1.03,0.0,0.0,0.286,0.0,0.0,0.0,0.0,0.0,0.0,0.0,0.0,0.0,0.0,0.0,0.0,0.0,0.0,0.0,0.0,0.0,0.0,0.0,0.0,0.0,0.0,0.0,0.0,0.0,0.0,0.0,0.0,0.0,0.0,0.0,0.0,0.0,0.0,0.0,0.0,0.0,0.0,0.0,0.0,0.0,0.0,0.0,0.0,0.0,0.0,0.0,0.0,0.0,0.0,0.0,0.0,0.0,0.0,0.4,0.0,0.057,3.947,4.062,0.0,0.0,3.146,0.114,0.0,0.0,0.0,0.0,0.0,0.0,3.375,0.343,0.0,0.0,0.114,0.114,0.286,0.0,0.0,0.0,0.286,0.0,0.0,0.0,0.0,1.03,0.0,-32.952,8.352,0.0,17.792,0.286,2023a,T7JFTT,0.3618142
1678,33,Spain,10,10.0,2015-12-20,201512,33320,Spanish Socialist Workers’ Party,PSOE,30,,297,5,2016.0,0.854,0.712,21.995,0.0,,90.0,350.0,1,111,2023-1,4453.0,1.505,0.0,0.0,0.202,1.864,0.135,0.247,4.963,2.695,0.0,0.0,3.436,4.918,0.112,0.606,1.123,0.022,5.412,2.83,0.247,0.135,2.942,6.086,0.0,0.517,0.135,0.0,3.907,0.337,2.291,9.499,0.202,0.022,0.629,0.0,4.042,1.437,3.997,7.231,14.462,0.0,3.211,0.0,0.472,0.09,0.0,1.415,0.898,0.764,0.898,0.0,2.47,0.0,1.033,0.0,0.18,0.382,0.0,0.0,0.0,0.0,0.0,0.0,0.0,0.0,0.0,0.0,0.0,0.0,0.0,0.0,0.0,0.0,0.0,0.0,0.0,0.0,0.0,0.0,0.0,0.0,0.0,0.0,0.0,0.0,0.0,0.0,0.0,0.0,0.0,0.0,0.0,0.0,0.0,0.0,0.0,0.0,0.0,0.0,0.0,0.0,0.0,0.0,0.0,0.0,0.0,0.0,0.0,0.0,0.0,0.0,0.202,0.0,0.135,3.301,3.458,0.0,0.539,0.921,0.225,0.0,0.022,0.0,0.0,0.0,0.09,3.952,0.337,0.135,0.0,0.09,0.898,0.719,0.764,0.0,0.247,0.651,0.0,0.0,0.0,0.0,1.033,0.0,-25.556,6.288,0.764,21.693,0.382,2023a,WEXCAS,0.3618142
1679,33,Spain,10,10.0,2015-12-20,201512,33420,Citizens - Party of the Citizens,C's,40,,297,5,2016.0,0.854,0.712,13.94,0.0,,40.0,350.0,1,111,2023-1,5051.0,0.119,0.0,0.0,0.079,2.257,0.0,0.059,2.059,1.445,0.0,0.059,1.98,1.564,0.297,0.218,0.198,0.832,12.314,2.415,0.158,1.029,3.168,5.761,0.139,0.02,0.218,0.257,5.207,0.198,1.92,12.512,0.198,0.0,1.049,0.0,3.286,4.732,3.603,3.88,8.751,0.218,7.187,0.079,0.535,0.356,0.079,0.416,1.049,1.069,0.297,0.257,3.168,0.0,2.673,0.416,0.198,0.02,0.0,0.0,0.0,0.0,0.0,0.0,0.0,0.0,0.0,0.0,0.0,0.0,0.0,0.0,0.0,0.0,0.0,0.0,0.0,0.0,0.0,0.0,0.0,0.0,0.0,0.0,0.0,0.0,0.0,0.0,0.0,0.0,0.0,0.0,0.0,0.0,0.0,0.0,0.0,0.0,0.0,0.0,0.0,0.0,0.0,0.0,0.0,0.0,0.0,0.0,0.0,0.0,0.0,0.0,0.079,0.0,1.148,0.832,1.386,0.0,0.0,0.178,0.158,0.0,0.0,0.0,0.0,0.0,0.0,3.286,0.099,0.436,0.0,0.356,1.049,0.04,1.069,0.0,0.139,0.158,0.0,0.0,0.257,0.0,2.673,0.0,-16.036,6.098,2.079,12.631,0.059,2023a,BJINRR,0.3618142
1680,33,Spain,10,10.0,2015-12-20,201512,33610,People's Party,PP,60,,297,5,2016.0,0.854,0.712,28.705,0.0,,123.0,350.0,1,111,2023-1,2377.0,0.841,0.0,0.0,0.168,4.417,0.0,0.084,3.113,3.071,0.0,0.0,2.861,3.702,0.799,0.0,0.042,0.589,5.974,1.767,0.673,0.294,2.314,2.398,0.084,0.042,0.0,0.421,4.67,0.042,6.689,11.191,0.084,0.0,2.272,0.0,2.23,1.851,3.955,5.048,10.938,0.463,3.87,0.0,1.641,0.0,0.252,0.0,3.281,2.061,0.0,0.0,1.557,0.0,2.692,0.547,0.799,0.21,0.0,0.0,0.0,0.0,0.0,0.0,0.0,0.0,0.0,0.0,0.0,0.0,0.0,0.0,0.0,0.0,0.0,0.0,0.0,0.0,0.0,0.0,0.0,0.0,0.0,0.0,0.0,0.0,0.0,0.0,0.0,0.0,0.0,0.0,0.0,0.0,0.0,0.0,0.0,0.0,0.0,0.0,0.0,0.0,0.0,0.0,0.0,0.0,0.0,0.0,0.0,0.0,0.0,0.0,0.168,0.0,0.883,1.977,2.945,0.0,0.421,0.337,0.631,0.0,0.042,0.0,0.0,0.0,0.0,2.23,1.388,0.252,0.0,0.0,3.281,0.0,2.061,0.0,0.0,0.0,0.0,0.0,0.0,0.0,2.692,0.0,-4.249,2.566,2.566,15.987,0.084,2023a,PQGFFS,0.3618142
1681,33,Spain,10,10.0,2015-12-20,201512,33902,Basque Nationalist Party,PNV/EAJ,90,,297,5,2016.0,0.854,0.712,1.199,0.0,,6.0,350.0,1,111,2023-1,443.0,1.354,0.0,0.0,0.0,0.0,0.0,0.0,0.677,3.16,0.0,0.0,8.352,6.772,0.0,0.0,14.898,0.0,3.612,0.451,0.677,0.0,2.935,2.257,0.0,0.451,0.0,0.903,3.837,2.935,6.546,10.835,0.226,0.0,4.515,0.0,6.546,1.129,0.0,2.032,9.029,0.451,1.129,0.0,0.0,0.0,0.0,0.226,0.0,0.0,0.0,0.0,3.16,0.0,0.903,0.0,0.0,0.0,0.0,0.0,0.0,0.0,0.0,0.0,0.0,0.0,0.0,0.0,0.0,0.0,0.0,0.0,0.0,0.0,0.0,0.0,0.0,0.0,0.0,0.0,0.0,0.0,0.0,0.0,0.0,0.0,0.0,0.0,0.0,0.0,0.0,0.0,0.0,0.0,0.0,0.0,0.0,0.0,0.0,0.0,0.0,0.0,0.0,0.0,0.0,0.0,0.0,0.0,0.0,0.0,0.0,0.0,0.0,0.0,0.0,8.352,5.869,0.0,0.0,0.903,0.677,0.0,0.0,0.0,0.0,0.0,0.0,6.546,0.0,0.0,0.0,0.0,0.0,0.903,0.0,0.0,0.0,0.0,0.0,0.0,0.0,0.0,0.903,0.0,-5.418,2.483,4.515,11.061,0.0,2023a,6E3Y19,0.3618142
1682,33,Spain,10,10.0,2015-12-20,201512,33905,Catalan Republican Left,ERC,90,,297,5,2016.0,0.854,0.712,2.387,0.0,,9.0,350.0,1,111,2023-1,601.0,1.997,0.0,0.0,0.0,0.166,0.0,0.998,4.825,2.829,0.0,0.0,2.329,4.659,0.0,0.0,25.957,0.0,4.992,3.328,0.0,0.0,2.662,8.319,0.832,1.498,0.0,0.0,1.331,0.0,1.997,3.993,0.333,0.0,0.0,0.0,1.165,0.998,1.83,3.827,9.151,0.0,2.496,0.0,0.0,0.166,0.0,0.166,0.0,1.498,2.329,0.333,1.664,0.0,1.331,0.0,0.0,0.0,0.0,0.0,0.0,0.0,0.0,0.0,0.0,0.0,0.0,0.0,0.0,0.0,0.0,0.0,0.0,0.0,0.0,0.0,0.0,0.0,0.0,0.0,0.0,0.0,0.0,0.0,0.0,0.0,0.0,0.0,0.0,0.0,0.0,0.0,0.0,0.0,0.0,0.0,0.0,0.0,0.0,0.0,0.0,0.0,0.0,0.0,0.0,0.0,0.0,0.0,0.0,0.0,0.0,0.0,0.0,0.0,0.499,1.83,3.494,0.0,0.0,1.165,0.0,0.0,0.0,0.0,0.0,0.0,0.0,1.165,0.0,0.0,0.166,0.0,0.0,0.0,0.998,0.499,1.165,1.165,0.0,0.0,0.333,0.0,1.331,0.0,-26.622,9.484,0.0,12.978,0.998,2023a,SX4BJF,0.3618142
1683,33,Spain,10,10.0,2015-12-20,201512,33907,Canarian Coalition and Canarian Nationalist Party,CC-PNC,90,,297,5,2016.0,0.854,0.712,0.325,0.0,,1.0,350.0,1,111,2023-1,633.0,1.738,0.0,0.0,0.0,0.0,0.0,0.158,2.212,0.79,0.0,0.0,0.948,0.79,0.0,0.474,14.376,0.0,1.264,0.474,0.474,0.316,4.107,0.948,0.158,1.106,3.791,0.0,9.005,0.158,5.371,13.27,0.79,0.0,0.316,0.0,4.107,0.316,0.948,10.742,7.899,0.316,3.318,0.0,0.0,0.0,0.0,0.158,0.948,0.474,0.0,0.0,2.528,0.0,5.213,0.0,0.0,0.0,0.0,0.0,0.0,0.0,0.0,0.0,0.0,0.0,0.0,0.0,0.0,0.0,0.0,0.0,0.0,0.0,0.0,0.0,0.0,0.0,0.0,0.0,0.0,0.0,0.0,0.0,0.0,0.0,0.0,0.0,0.0,0.0,0.0,0.0,0.0,0.0,0.0,0.0,0.0,0.0,0.0,0.0,0.0,0.0,0.0,0.0,0.0,0.0,0.0,0.0,0.0,0.0,0.0,0.0,0.0,0.0,0.0,0.948,0.632,0.0,0.0,0.158,0.474,0.0,0.0,0.0,0.0,0.0,0.0,4.107,0.0,0.0,0.0,0.0,0.948,0.158,0.474,0.0,0.0,0.0,0.0,0.0,0.0,0.0,5.213,0.0,-14.692,1.896,0.632,18.641,0.158,2023a,PX7SNO,0.3618142
1793,34,Greece,10,10.0,2015-01-25,201501,34210,Communist Party of Greece,KKE,20,,317,5,2015.0,0.745,0.63,5.341,0.0,,15.0,300.0,1,110,2023-1,62.0,0.0,0.0,0.0,19.355,0.0,0.0,0.0,0.0,0.0,0.0,9.677,0.0,0.0,0.0,0.0,0.0,0.0,0.0,4.839,40.323,0.0,0.0,0.0,0.0,0.0,0.0,0.0,0.0,0.0,0.0,0.0,0.0,0.0,0.0,8.065,0.0,0.0,0.0,3.226,1.613,0.0,0.0,0.0,6.452,0.0,0.0,0.0,0.0,4.839,0.0,0.0,1.613,0.0,0.0,0.0,0.0,0.0,0.0,0.0,0.0,0.0,0.0,0.0,0.0,0.0,0.0,0.0,0.0,0.0,0.0,0.0,0.0,0.0,0.0,0.0,0.0,0.0,0.0,0.0,0.0,0.0,0.0,0.0,0.0,0.0,0.0,0.0,0.0,0.0,0.0,0.0,0.0,0.0,0.0,0.0,0.0,0.0,0.0,0.0,0.0,0.0,0.0,0.0,0.0,0.0,0.0,0.0,0.0,0.0,0.0,0.0,0.0,19.355,0.0,0.0,0.0,0.0,0.0,0.0,38.71,1.613,0.0,0.0,0.0,0.0,0.0,0.0,6.452,0.0,0.0,0.0,0.0,0.0,0.0,4.839,0.0,0.0,0.0,0.0,0.0,0.0,0.0,0.0,29.032,0.0,0.0,4.839,0.0,2023a,ABCHI6,0.3600026
1794,34,Greece,10,10.0,2015-01-25,201501,34212,Coalition of the Radical Left,SYRIZA,20,,317,5,2015.0,0.745,0.63,36.34,0.0,,149.0,300.0,1,110,2023-1,151.0,0.662,0.0,0.0,3.311,0.0,0.0,0.0,1.325,0.662,0.0,0.0,0.0,13.245,0.0,0.0,1.325,0.662,3.974,6.623,0.662,0.0,0.0,1.987,0.662,0.0,0.0,0.0,0.662,2.649,5.298,7.285,0.662,1.987,10.596,0.0,0.0,2.649,0.0,0.662,18.543,0.0,0.662,0.0,0.0,0.0,0.0,0.0,0.0,0.0,0.0,0.0,10.596,0.662,1.325,0.0,0.662,0.0,0.0,0.0,0.0,0.0,0.0,0.0,0.0,0.0,0.0,0.0,0.0,0.0,0.0,0.0,0.0,0.0,0.0,0.0,0.0,0.0,0.0,0.0,0.0,0.0,0.0,0.0,0.0,0.0,0.0,0.0,0.0,0.0,0.0,0.0,0.0,0.0,0.0,0.0,0.0,0.0,0.0,0.0,0.0,0.0,0.0,0.0,0.0,0.0,0.0,0.0,0.0,0.0,0.0,0.0,0.0,3.311,0.0,0.0,13.245,0.0,0.0,0.0,0.662,0.0,0.0,0.0,0.0,0.0,0.0,0.0,0.0,0.0,0.0,0.0,0.0,0.662,0.0,0.0,0.0,0.0,0.0,0.0,0.0,0.0,1.325,0.0,-41.722,3.311,10.596,19.205,0.0,2023a,UD7JG9,0.3600026
1795,34,Greece,10,10.0,2015-01-25,201501,34313,Panhellenic Socialist Movement,PASOK,30,,317,5,2015.0,0.745,0.63,4.573,0.0,,13.0,300.0,1,110,2023-1,584.0,0.0,1.027,0.0,0.342,0.342,0.0,0.342,2.397,8.733,0.0,0.0,0.0,8.904,0.0,0.171,2.568,0.0,2.911,1.027,0.514,0.0,1.027,1.884,0.342,0.0,1.027,1.541,0.0,0.0,5.137,6.849,0.0,0.171,3.596,0.0,0.0,8.733,0.0,3.425,16.096,0.0,13.699,0.171,1.027,0.0,0.0,0.0,0.171,1.541,0.0,0.171,2.397,0.0,1.712,0.0,0.0,0.0,0.0,0.0,0.0,0.0,0.0,0.0,0.0,0.0,0.0,0.0,0.0,0.0,0.0,0.0,0.0,0.0,0.0,0.0,0.0,0.0,0.0,0.0,0.0,0.0,0.0,0.0,0.0,0.0,0.0,0.0,0.0,0.0,0.0,0.0,0.0,0.0,0.0,0.0,0.0,0.0,0.0,0.0,0.0,0.0,0.0,0.0,0.0,0.0,0.0,0.0,0.0,0.0,0.0,0.0,0.0,0.342,0.0,0.0,8.904,0.0,0.0,0.0,0.514,0.0,0.0,0.0,0.0,0.0,0.0,0.0,1.027,0.0,0.0,0.0,0.171,0.0,0.0,1.541,0.0,0.0,0.0,0.0,0.171,0.0,1.712,0.0,-37.842,2.226,3.596,19.521,0.342,2023a,64E8RA,0.3600026
1796,34,Greece,10,10.0,2015-01-25,201501,34340,The River,,30,,317,5,2015.0,0.745,0.63,5.906,0.0,,17.0,300.0,1,110,2023-1,751.0,0.0,1.997,0.533,0.0,2.264,0.0,0.0,3.063,2.13,0.0,1.731,0.932,9.587,0.0,1.864,2.53,0.0,2.264,5.593,1.997,0.666,1.731,0.666,0.266,0.0,0.266,0.0,0.0,0.0,0.666,5.326,0.0,0.0,6.658,0.0,0.0,5.326,7.856,0.932,7.856,0.0,5.859,0.932,2.53,0.399,0.0,1.065,0.266,2.397,0.0,1.465,4.794,1.198,4.394,0.0,0.0,0.0,0.0,0.0,0.0,0.0,0.0,0.0,0.0,0.0,0.0,0.0,0.0,0.0,0.0,0.0,0.0,0.0,0.0,0.0,0.0,0.0,0.0,0.0,0.0,0.0,0.0,0.0,0.0,0.0,0.0,0.0,0.0,0.0,0.0,0.0,0.0,0.0,0.0,0.0,0.0,0.0,0.0,0.0,0.0,0.0,0.0,0.0,0.0,0.0,0.0,0.0,0.0,0.0,0.0,0.0,0.0,0.0,0.0,0.932,8.256,0.0,0.0,1.332,1.997,0.0,0.0,0.0,0.0,0.0,0.0,0.0,0.799,1.731,0.399,0.0,0.266,0.0,2.397,0.0,0.0,0.0,0.0,0.0,1.465,0.0,4.394,0.0,-12.916,0.932,7.324,8.788,0.533,2023a,YJ9KO4,0.3600026
1797,34,Greece,10,10.0,2015-01-25,201501,34511,New Democracy,ND,50,,317,5,2015.0,0.745,0.63,27.15,0.0,,76.0,300.0,1,110,2023-1,162.0,0.0,0.0,0.0,0.0,0.0,0.0,0.0,0.0,0.617,0.0,0.0,0.0,0.617,0.0,0.0,2.469,0.0,2.469,8.642,3.704,4.938,8.642,2.469,0.0,0.0,0.0,0.0,0.0,0.0,2.469,22.84,0.0,0.0,5.556,0.0,0.0,1.235,0.617,0.617,20.37,0.0,0.0,0.0,1.235,0.0,0.0,0.0,0.0,0.0,0.0,0.0,8.642,1.235,0.617,0.0,0.0,0.0,0.0,0.0,0.0,0.0,0.0,0.0,0.0,0.0,0.0,0.0,0.0,0.0,0.0,0.0,0.0,0.0,0.0,0.0,0.0,0.0,0.0,0.0,0.0,0.0,0.0,0.0,0.0,0.0,0.0,0.0,0.0,0.0,0.0,0.0,0.0,0.0,0.0,0.0,0.0,0.0,0.0,0.0,0.0,0.0,0.0,0.0,0.0,0.0,0.0,0.0,0.0,0.0,0.0,0.0,0.0,0.0,0.0,0.0,0.617,0.0,0.0,0.0,3.704,0.0,0.0,0.0,0.0,0.0,0.0,0.0,1.235,0.0,0.0,0.0,0.0,0.0,0.0,0.0,0.0,0.0,0.0,0.0,0.0,0.0,0.617,0.0,-8.025,2.469,10.494,20.988,0.0,2023a,VBNKPB,0.3600026
1798,34,Greece,10,10.0,2015-01-25,201501,34720,Golden Dawn,XA,70,,317,5,2015.0,0.745,0.63,6.136,0.0,,17.0,300.0,1,110,2023-1,172.0,0.581,1.163,1.163,21.512,5.233,0.0,0.0,0.0,0.0,0.0,0.0,0.0,4.651,2.326,0.0,0.0,0.0,0.0,4.651,5.814,0.0,0.0,0.0,0.0,0.0,0.581,0.0,0.0,0.0,2.326,0.0,0.0,3.488,1.163,0.0,0.0,1.744,0.581,0.0,5.814,0.0,3.488,0.0,13.953,0.0,2.326,0.0,11.047,0.0,1.744,0.0,0.0,0.0,4.651,0.0,0.0,0.0,0.0,0.0,0.0,0.0,0.0,0.0,0.0,0.0,0.0,0.0,0.0,0.0,0.0,0.0,0.0,0.0,0.0,0.0,0.0,0.0,0.0,0.0,0.0,0.0,0.0,0.0,0.0,0.0,0.0,0.0,0.0,0.0,0.0,0.0,0.0,0.0,0.0,0.0,0.0,0.0,0.0,0.0,0.0,0.0,0.0,0.0,0.0,0.0,0.0,0.0,0.0,0.0,0.0,0.0,6.977,14.535,0.0,0.0,4.651,0.0,0.0,0.0,5.814,0.0,0.0,0.0,0.0,0.0,0.0,0.0,10.465,3.488,0.0,0.0,11.047,0.0,0.0,0.0,0.0,0.0,1.744,0.0,0.0,0.0,4.651,0.581,2.326,0.0,1.163,5.814,1.163,2023a,RBKCLY,0.3600026
1799,34,Greece,10,10.0,2015-01-25,201501,34730,Independent Greeks,ANEL,70,,317,5,2015.0,0.745,0.63,4.635,0.0,,13.0,300.0,1,110,2023-1,26.0,0.0,0.0,15.385,11.538,0.0,0.0,0.0,0.0,0.0,0.0,0.0,0.0,0.0,0.0,0.0,0.0,0.0,0.0,0.0,0.0,3.846,0.0,0.0,0.0,0.0,0.0,0.0,0.0,0.0,0.0,0.0,0.0,0.0,0.0,0.0,0.0,0.0,0.0,7.692,3.846,0.0,0.0,0.0,46.154,0.0,11.538,0.0,0.0,0.0,0.0,0.0,0.0,0.0,0.0,0.0,0.0,0.0,0.0,0.0,0.0,0.0,0.0,0.0,0.0,0.0,0.0,0.0,0.0,0.0,0.0,0.0,0.0,0.0,0.0,0.0,0.0,0.0,0.0,0.0,0.0,0.0,0.0,0.0,0.0,0.0,0.0,0.0,0.0,0.0,0.0,0.0,0.0,0.0,0.0,0.0,0.0,0.0,0.0,0.0,0.0,0.0,0.0,0.0,0.0,0.0,0.0,0.0,0.0,0.0,0.0,0.0,0.0,11.538,0.0,0.0,0.0,0.0,0.0,0.0,0.0,0.0,0.0,0.0,0.0,0.0,0.0,0.0,38.462,7.692,0.0,0.0,0.0,0.0,0.0,0.0,0.0,0.0,0.0,0.0,0.0,0.0,0.0,0.0,46.154,0.0,3.846,11.538,15.385,2023a,NCKLTR,0.3600026
1800,34,Greece,10,10.0,2015-09-20,201509,34210,Communist Party of Greece,KKE,20,,317,5,2015.0,0.745,0.63,5.418,0.0,,15.0,300.0,9,110,2023-1,115.0,0.0,0.0,0.0,15.652,0.0,0.0,0.0,0.87,0.0,0.0,12.174,0.0,0.0,0.0,0.0,0.0,0.0,0.0,1.739,11.304,0.0,0.0,0.0,0.0,0.0,0.0,0.0,0.0,0.0,0.0,0.0,0.0,8.696,0.0,13.913,0.0,0.0,0.0,0.0,11.304,0.0,0.87,0.0,0.0,0.0,0.0,0.0,0.0,1.739,0.0,0.0,20.0,0.87,0.87,0.0,0.0,0.0,0.0,0.0,0.0,0.0,0.0,0.0,0.0,0.0,0.0,0.0,0.0,0.0,0.0,0.0,0.0,0.0,0.0,0.0,0.0,0.0,0.0,0.0,0.0,0.0,0.0,0.0,0.0,0.0,0.0,0.0,0.0,0.0,0.0,0.0,0.0,0.0,0.0,0.0,0.0,0.0,0.0,0.0,0.0,0.0,0.0,0.0,0.0,0.0,0.0,0.0,0.0,0.0,0.0,0.0,3.478,12.174,0.0,0.0,0.0,0.0,0.0,0.0,11.304,0.0,0.0,0.0,0.0,0.0,0.0,0.0,0.0,0.0,0.0,0.0,0.0,0.0,0.0,1.739,0.0,0.0,0.0,0.0,0.0,0.0,0.87,0.0,-44.348,0.0,0.0,11.304,0.0,2023a,H152HK,0.3600026
1801,34,Greece,10,10.0,2015-09-20,201509,34212,Coalition of the Radical Left,SYRIZA,20,,317,5,2015.0,0.745,0.63,35.46,0.0,,145.0,300.0,9,110,2023-1,2883.0,1.145,0.416,0.0,2.463,0.104,0.59,0.52,1.526,0.763,0.0,1.977,1.387,5.272,0.0,0.208,2.601,0.0,2.879,3.954,2.081,0.035,1.179,5.168,0.243,0.139,0.659,0.069,0.0,0.139,2.359,14.672,0.486,1.041,8.429,0.832,1.977,2.081,2.879,1.769,8.117,0.0,3.954,0.0,0.347,0.867,0.0,0.312,0.416,0.971,0.173,0.0,7.215,0.277,5.307,0.0,0.0,0.0,0.0,0.0,0.0,0.0,0.0,0.0,0.0,0.0,0.0,0.0,0.0,0.0,0.0,0.0,0.0,0.0,0.0,0.0,0.0,0.0,0.0,0.0,0.0,0.0,0.0,0.0,0.0,0.0,0.0,0.0,0.0,0.0,0.0,0.0,0.0,0.0,0.0,0.0,0.0,0.0,0.0,0.0,0.0,0.0,0.0,0.0,0.0,0.0,0.0,0.0,0.0,0.0,0.0,0.0,0.0,2.463,0.0,1.387,4.717,0.0,0.0,0.555,2.081,0.0,0.0,0.0,0.0,0.0,0.0,1.977,0.347,0.0,0.0,0.867,0.416,1.145,0.0,0.971,0.0,0.173,0.0,0.0,0.0,0.0,5.307,0.0,-22.234,5.897,8.463,9.886,1.11,2023a,ENFY37,0.3600026
1802,34,Greece,10,10.0,2015-09-20,201509,34213,Democratic Left,DIMAR,20,,998,998,,,,0.74,0.0,,2.0,300.0,99,110,,,,,,,,,,,,,,,,,,,,,,,,,,,,,,,,,,,,,,,,,,,,,,,,,,,,,,,,,,,,,,,,,,,,,,,,,,,,,,,,,,,,,,,,,,,,,,,,,,,,,,,,,,,,,,,,,,,,,,,,,,,,,,,,,,,,,,,,,,,,,,,,,,,,,,,2023a,9OX5NJ,0.3600026
1803,34,Greece,10,10.0,2015-09-20,201509,34214,Popular Unity,LAE,20,,317,5,2015.0,0.745,0.63,2.86,0.0,,0.0,300.0,1,110,2023-1,235.0,0.851,0.851,1.277,14.894,0.0,2.979,0.426,4.681,0.0,0.0,12.766,1.702,6.383,0.0,0.851,1.277,0.0,0.851,0.0,2.128,0.0,0.426,4.255,0.426,0.0,0.0,0.0,0.0,1.702,0.851,0.851,0.426,3.404,2.128,0.851,0.851,0.426,1.702,0.0,9.787,0.0,0.426,0.0,2.553,0.0,0.0,0.0,0.0,7.234,0.0,0.0,8.511,0.0,1.277,0.0,0.0,0.0,0.0,0.0,0.0,0.0,0.0,0.0,0.0,0.0,0.0,0.0,0.0,0.0,0.0,0.0,0.0,0.0,0.0,0.0,0.0,0.0,0.0,0.0,0.0,0.0,0.0,0.0,0.0,0.0,0.0,0.0,0.0,0.0,0.0,0.0,0.0,0.0,0.0,0.0,0.0,0.0,0.0,0.0,0.0,0.0,0.0,0.0,0.0,0.0,0.0,0.0,0.0,0.0,0.0,0.0,3.404,11.489,0.0,1.702,4.255,0.0,0.0,2.128,2.128,0.0,0.0,0.0,0.0,0.0,0.0,0.851,2.553,0.0,0.0,0.0,0.0,0.851,0.0,7.234,0.0,0.0,0.0,0.0,0.0,0.0,1.277,0.0,-40.426,5.106,2.128,9.787,4.681,2023a,K5PI3E,0.3600026
1804,34,Greece,10,10.0,2015-09-20,201509,34313,Panhellenic Socialist Movement,PASOK,30,,317,5,2015.0,0.745,0.63,5.54,1.0,,15.0,300.0,1,110,2023-1,413.0,0.0,0.0,0.0,0.242,0.0,0.0,0.0,0.0,2.421,0.0,0.242,0.0,3.632,0.0,1.695,3.39,0.0,5.569,0.726,0.0,0.0,3.874,11.38,0.242,0.0,0.242,0.242,0.0,0.0,10.412,12.349,0.0,0.0,10.654,0.0,2.421,0.726,0.242,0.484,7.264,0.0,1.453,0.0,0.0,0.0,0.0,0.0,0.0,0.484,0.0,0.0,15.254,0.242,4.116,0.0,0.0,0.0,0.0,0.0,0.0,0.0,0.0,0.0,0.0,0.0,0.0,0.0,0.0,0.0,0.0,0.0,0.0,0.0,0.0,0.0,0.0,0.0,0.0,0.0,0.0,0.0,0.0,0.0,0.0,0.0,0.0,0.0,0.0,0.0,0.0,0.0,0.0,0.0,0.0,0.0,0.0,0.0,0.0,0.0,0.0,0.0,0.0,0.0,0.0,0.0,0.0,0.0,0.0,0.0,0.0,0.0,0.0,0.242,0.0,0.0,3.632,0.0,0.0,0.0,0.0,0.0,0.0,0.0,0.0,0.0,0.0,2.421,0.0,0.0,0.0,0.0,0.0,0.0,0.0,0.484,0.0,0.0,0.0,0.0,0.0,0.0,4.116,0.0,-24.455,11.622,10.654,7.748,0.0,2023a,BHTKC7,0.3600026
1805,34,Greece,10,10.0,2015-09-20,201509,34340,The River,,30,,998,998,,,,3.993,0.0,,11.0,300.0,99,110,,,,,,,,,,,,,,,,,,,,,,,,,,,,,,,,,,,,,,,,,,,,,,,,,,,,,,,,,,,,,,,,,,,,,,,,,,,,,,,,,,,,,,,,,,,,,,,,,,,,,,,,,,,,,,,,,,,,,,,,,,,,,,,,,,,,,,,,,,,,,,,,,,,,,,,2023a,3Z6DDD,0.3600026
1806,34,Greece,10,10.0,2015-09-20,201509,34410,Union of Centrists,EK,40,,317,5,2015.0,0.745,0.63,3.352,0.0,,9.0,300.0,1,110,2023-1,1508.0,0.133,0.597,6.3,0.928,0.0,0.0,0.0,0.464,3.912,0.0,0.995,3.846,9.085,0.0,0.0,0.531,0.0,2.387,10.942,8.422,0.398,1.989,2.321,0.0,0.0,0.0,0.0,0.0,0.0,2.056,5.968,0.133,0.0,10.544,0.0,0.398,1.525,0.862,1.061,7.759,0.0,7.095,0.0,1.061,0.066,0.729,0.597,0.0,0.995,0.0,0.398,1.592,0.531,3.382,0.0,0.0,0.0,0.0,0.0,0.0,0.0,0.0,0.0,0.0,0.0,0.0,0.0,0.0,0.0,0.0,0.0,0.0,0.0,0.0,0.0,0.0,0.0,0.0,0.0,0.0,0.0,0.0,0.0,0.0,0.0,0.0,0.0,0.0,0.0,0.0,0.0,0.0,0.0,0.0,0.0,0.0,0.0,0.0,0.0,0.0,0.0,0.0,0.0,0.0,0.0,0.0,0.0,0.0,0.0,0.0,0.0,0.796,0.133,0.199,3.647,9.085,0.0,0.0,0.0,6.499,1.923,0.0,0.0,0.0,0.0,0.0,0.398,0.862,0.199,0.0,0.066,0.0,0.0,0.0,0.995,0.0,0.0,0.0,0.0,0.398,0.0,3.382,0.133,-1.393,2.454,10.942,8.82,6.3,2023a,HWS7UF,0.3600026
1807,34,Greece,10,10.0,2015-09-20,201509,34511,New Democracy,ND,50,,317,5,2015.0,0.745,0.63,27.414,0.0,,75.0,300.0,9,110,2023-1,491.0,0.0,0.0,0.407,1.833,0.407,0.0,0.204,1.222,1.426,0.0,0.0,0.407,13.238,0.0,1.222,0.407,0.0,2.037,1.018,20.978,0.611,3.259,0.0,0.0,0.0,0.0,0.0,0.0,0.0,6.517,4.073,0.0,0.0,9.572,0.0,0.0,0.204,1.222,0.0,3.87,0.0,0.611,1.222,4.684,0.0,0.407,0.0,0.815,6.925,0.0,0.0,9.572,0.0,1.629,0.0,0.0,0.0,0.0,0.0,0.0,0.0,0.0,0.0,0.0,0.0,0.0,0.0,0.0,0.0,0.0,0.0,0.0,0.0,0.0,0.0,0.0,0.0,0.0,0.0,0.0,0.0,0.0,0.0,0.0,0.0,0.0,0.0,0.0,0.0,0.0,0.0,0.0,0.0,0.0,0.0,0.0,0.0,0.0,0.0,0.0,0.0,0.0,0.0,0.0,0.0,0.0,0.0,0.0,0.0,0.0,0.0,0.0,1.833,0.0,0.407,12.424,0.0,0.815,0.0,20.367,0.611,0.0,0.0,0.0,0.0,0.0,0.0,3.055,1.629,0.0,0.0,0.815,0.0,6.11,0.815,0.0,0.0,0.0,0.0,0.0,0.0,1.629,0.0,17.515,0.0,10.183,3.87,0.611,2023a,YORTB5,0.3600026
1808,34,Greece,10,10.0,2015-09-20,201509,34720,Golden Dawn,XA,70,,998,998,,,,6.82,0.0,,18.0,300.0,99,110,,,,,,,,,,,,,,,,,,,,,,,,,,,,,,,,,,,,,,,,,,,,,,,,,,,,,,,,,,,,,,,,,,,,,,,,,,,,,,,,,,,,,,,,,,,,,,,,,,,,,,,,,,,,,,,,,,,,,,,,,,,,,,,,,,,,,,,,,,,,,,,,,,,,,,,2023a,GGNF2Z,0.3600026
1809,34,Greece,10,10.0,2015-09-20,201509,34730,Independent Greeks,ANEL,70,,998,998,,,,3.602,0.0,,10.0,300.0,99,110,,,,,,,,,,,,,,,,,,,,,,,,,,,,,,,,,,,,,,,,,,,,,,,,,,,,,,,,,,,,,,,,,,,,,,,,,,,,,,,,,,,,,,,,,,,,,,,,,,,,,,,,,,,,,,,,,,,,,,,,,,,,,,,,,,,,,,,,,,,,,,,,,,,,,,,2023a,3R3Q7O,0.3600026
1912,35,Portugal,10,10.0,2015-10-04,201510,35060,Portugal Ahead,PàF,60,,264,5,2018.0,0.847,0.659,40.034,0.0,,107.0,230.0,8,131,2023-1,1982.0,0.0,0.908,0.0,0.0,1.413,0.0,0.05,0.757,1.766,0.0,0.0,0.0,2.321,0.0,0.303,3.128,0.0,10.949,1.261,0.454,0.959,7.013,2.371,0.0,0.303,0.252,0.0,0.605,0.959,7.114,9.788,0.05,0.0,3.481,0.0,0.555,6.458,4.087,4.945,9.082,2.22,5.096,0.252,0.757,0.0,0.05,0.0,3.481,1.463,0.454,0.0,0.706,0.0,2.472,0.303,0.0,1.413,0.0,0.0,0.0,0.0,0.0,0.0,0.0,0.0,0.0,0.0,0.0,0.0,0.0,0.0,0.0,0.0,0.0,0.0,0.0,0.0,0.0,0.0,0.0,0.0,0.0,0.0,0.0,0.0,0.0,0.0,0.0,0.0,0.0,0.0,0.0,0.0,0.0,0.0,0.0,0.0,0.0,0.0,0.0,0.0,0.0,0.0,0.0,0.0,0.0,0.0,0.0,0.0,0.0,0.0,0.0,0.0,0.0,0.0,2.321,0.0,0.0,0.0,0.454,0.0,0.0,0.0,0.0,0.0,0.0,0.555,0.757,0.0,0.0,0.0,3.481,0.0,1.463,0.0,0.0,0.454,0.0,0.0,0.0,0.0,2.472,0.0,0.605,2.422,4.44,14.026,0.05,2023a,O544XA,0.355233
1913,35,Portugal,10,10.0,2015-10-04,201510,35110,Ecologist Party ‘The Greens',PEV,10,,264,5,2018.0,0.847,0.659,1.008,1.0,,2.0,230.0,1,131,2023-1,277.0,0.0,0.0,0.0,0.0,0.0,0.0,0.0,0.0,0.0,0.0,6.498,0.361,2.166,0.722,0.0,1.805,0.0,0.0,0.361,6.859,0.0,1.083,3.61,0.0,0.722,0.0,0.0,0.0,10.83,0.722,5.776,0.722,3.971,0.0,0.0,3.249,16.968,3.971,7.22,5.415,0.0,3.971,0.0,0.361,0.0,0.0,0.0,0.361,2.527,0.0,0.0,6.498,0.0,3.249,0.0,0.0,0.0,0.0,0.0,0.0,0.0,0.0,0.0,0.0,0.0,0.0,0.0,0.0,0.0,0.0,0.0,0.0,0.0,0.0,0.0,0.0,0.0,0.0,0.0,0.0,0.0,0.0,0.0,0.0,0.0,0.0,0.0,0.0,0.0,0.0,0.0,0.0,0.0,0.0,0.0,0.0,0.0,0.0,0.0,0.0,0.0,0.0,0.0,0.0,0.0,0.0,0.0,0.0,0.0,0.0,0.0,0.0,0.0,0.361,0.0,2.166,0.0,0.0,0.0,6.859,0.0,0.0,0.0,0.0,0.0,0.722,2.527,0.361,0.0,0.0,0.0,0.361,0.0,2.527,0.0,0.0,0.0,0.0,0.0,0.0,0.0,3.249,0.0,-14.079,4.332,0.0,12.635,0.0,2023a,11MK9X,0.355233
1914,35,Portugal,10,10.0,2015-10-04,201510,35120,People-Animals-Nature,PAN,10,,264,5,2018.0,0.847,0.659,1.443,0.0,,1.0,230.0,1,131,2023-1,1455.0,0.206,0.0,0.0,0.0,0.0,0.137,0.206,0.412,0.069,0.0,0.275,0.0,2.612,0.0,0.0,0.412,0.0,1.375,1.649,0.206,0.0,1.168,1.306,0.0,0.0,0.687,0.0,0.412,2.955,0.0,6.598,1.581,0.344,0.344,0.0,10.79,33.814,1.581,4.124,7.423,0.481,7.216,0.0,0.069,0.0,0.0,1.1,2.818,0.962,0.0,0.0,3.505,0.0,3.162,0.0,0.0,0.0,0.0,0.0,0.0,0.0,0.0,0.0,0.0,0.0,0.0,0.0,0.0,0.0,0.0,0.0,0.0,0.0,0.0,0.0,0.0,0.0,0.0,0.0,0.0,0.0,0.0,0.0,0.0,0.0,0.0,0.0,0.0,0.0,0.0,0.0,0.0,0.0,0.0,0.0,0.0,0.0,0.0,0.0,0.0,0.0,0.0,0.0,0.0,0.0,0.0,0.0,0.0,0.0,0.0,0.0,0.0,0.0,0.0,0.0,2.612,0.0,0.0,0.0,0.206,0.0,0.0,0.0,0.0,0.0,0.137,10.653,0.069,0.0,0.0,0.0,2.818,0.0,0.962,0.0,0.0,0.0,0.0,0.0,0.0,0.0,3.162,0.206,-19.381,2.887,0.344,11.546,0.344,2023a,WSS822,0.355233
1915,35,Portugal,10,10.0,2015-10-04,201510,35211,Left Bloc,BE,20,,264,5,2018.0,0.847,0.659,10.581,0.0,,19.0,230.0,1,131,2023-1,1101.0,2.089,0.0,0.0,1.362,0.0,0.999,0.0,0.817,0.0,0.0,6.903,0.091,1.362,0.0,0.0,3.361,0.817,0.0,3.542,1.272,0.182,0.182,0.091,0.0,0.272,0.0,0.0,0.0,4.541,0.817,7.811,5.359,3.088,0.0,0.0,1.181,8.447,4.814,6.994,13.351,0.0,5.813,0.0,0.0,0.363,0.0,1.635,5.177,0.091,1.635,0.0,1.453,0.0,3.906,0.182,0.0,0.0,0.0,0.0,0.0,0.0,0.0,0.0,0.0,0.0,0.0,0.0,0.0,0.0,0.0,0.0,0.0,0.0,0.0,0.0,0.0,0.0,0.0,0.0,0.0,0.0,0.0,0.0,0.0,0.0,0.0,0.0,0.0,0.0,0.0,0.0,0.0,0.0,0.0,0.0,0.0,0.0,0.0,0.0,0.0,0.0,0.0,0.0,0.0,0.0,0.0,0.0,0.0,0.0,0.0,0.0,1.272,0.091,0.0,0.091,1.362,0.0,0.0,0.0,1.272,0.0,0.0,0.0,0.0,0.0,0.0,1.181,0.0,0.0,0.0,0.363,5.177,1.907,0.091,0.0,0.0,1.635,0.0,0.0,0.0,0.0,3.906,0.0,-26.703,5.45,0.182,20.345,0.999,2023a,ADQ9JR,0.355233
1916,35,Portugal,10,10.0,2015-10-04,201510,35220,Portuguese Communist Party,PCP,20,,264,5,2018.0,0.847,0.659,7.558,1.0,,15.0,230.0,1,131,2023-1,1407.0,0.0,0.071,0.0,0.711,0.711,0.426,0.071,0.569,0.426,1.137,7.392,0.355,2.63,1.35,0.0,1.848,0.071,3.554,1.99,3.412,0.0,2.559,2.701,0.0,0.995,1.706,0.0,2.061,4.904,4.122,7.818,2.701,4.335,0.355,0.0,0.0,2.132,3.554,5.188,11.301,0.0,3.198,0.0,1.919,0.0,0.0,0.0,4.193,0.213,0.426,0.0,5.402,0.0,1.421,0.0,0.0,0.071,0.0,0.0,0.0,0.0,0.0,0.0,0.0,0.0,0.0,0.0,0.0,0.0,0.0,0.0,0.0,0.0,0.0,0.0,0.0,0.0,0.0,0.0,0.0,0.0,0.0,0.0,0.0,0.0,0.0,0.0,0.0,0.0,0.0,0.0,0.0,0.0,0.0,0.0,0.0,0.0,0.0,0.0,0.0,0.0,0.0,0.0,0.0,0.0,0.0,0.0,0.0,0.0,0.0,0.0,0.142,0.569,0.284,0.071,2.274,0.0,0.213,0.142,3.412,0.0,0.0,0.0,0.0,0.0,0.0,0.0,1.919,0.0,0.0,0.0,4.193,0.0,0.213,0.0,0.0,0.426,0.0,0.0,0.0,0.0,1.421,0.0,-20.682,5.402,0.355,16.489,0.498,2023a,N8Z18N,0.355233
1917,35,Portugal,10,10.0,2015-10-04,201510,35311,Socialist Party,PS,30,,264,5,2018.0,0.847,0.659,33.568,0.0,,86.0,230.0,1,131,2023-1,2828.0,0.919,1.45,0.0,0.0,1.485,0.0,0.177,0.672,3.112,0.0,0.177,0.141,1.273,0.035,0.0,3.147,0.0,5.552,0.813,1.273,0.141,4.314,3.748,0.389,0.672,0.495,0.0,0.318,5.127,3.996,10.679,0.035,0.389,0.177,0.0,1.521,6.86,6.117,7.603,7.32,0.46,5.269,0.0,2.263,0.53,0.46,0.0,5.728,0.389,0.106,0.0,1.627,0.0,2.44,0.248,0.0,0.354,0.0,0.0,0.0,0.0,0.0,0.0,0.0,0.0,0.0,0.0,0.0,0.0,0.0,0.0,0.0,0.0,0.0,0.0,0.0,0.0,0.0,0.0,0.0,0.0,0.0,0.0,0.0,0.0,0.0,0.0,0.0,0.0,0.0,0.0,0.0,0.0,0.0,0.0,0.0,0.0,0.0,0.0,0.0,0.0,0.0,0.0,0.0,0.0,0.0,0.0,0.0,0.0,0.0,0.0,0.0,0.0,0.035,0.106,0.955,0.071,0.283,0.035,1.273,0.0,0.0,0.0,0.0,0.0,0.0,1.521,2.263,0.0,0.0,0.53,5.728,0.849,0.389,0.0,0.0,0.106,0.0,0.0,0.0,0.0,2.44,0.0,-4.526,4.173,0.318,14.922,0.177,2023a,ON8HZZ,0.355233
2248,43,Switzerland,10,0.0,2015-10-18,201510,43110,Green Party of Switzerland,GPS/PES,10,,339,5,2018.0,0.864,0.636,7.057,0.0,,11.0,200.0,1,131,2023-1,507.0,1.578,1.578,0.0,0.0,0.0,2.761,0.197,3.55,0.0,0.0,0.0,4.931,1.578,0.0,0.0,0.394,1.972,1.578,1.972,0.986,0.0,0.592,0.986,0.0,0.0,2.17,0.0,0.0,0.0,0.197,8.679,3.945,0.0,0.197,0.0,12.426,18.146,0.789,6.114,5.325,0.0,3.156,0.0,0.197,3.945,0.0,2.761,0.394,1.578,2.17,0.0,2.564,0.0,0.394,0.0,0.0,0.197,0.0,0.0,0.0,0.0,0.0,0.0,0.0,0.0,0.0,0.0,0.0,0.0,0.0,0.0,0.0,0.0,0.0,0.0,0.0,0.0,0.0,0.0,0.0,0.0,0.0,0.0,0.0,0.0,0.0,0.0,0.0,0.0,0.0,0.0,0.0,0.0,0.0,0.0,0.0,0.0,0.0,0.0,0.0,0.0,0.0,0.0,0.0,0.0,0.0,0.0,0.0,0.0,0.0,0.0,0.0,0.0,1.775,3.156,1.183,0.0,0.0,0.394,0.789,0.0,0.197,0.0,0.0,0.0,0.789,11.637,0.197,0.0,0.394,3.55,0.394,1.381,1.578,0.0,0.789,1.381,0.0,0.0,0.0,0.0,0.394,0.0,-17.357,4.931,0.197,11.44,2.959,2023a,6PAFQH,0.32306957
2249,43,Switzerland,10,0.0,2015-10-18,201510,43120,Green Liberal Party,GLP,10,,339,5,2018.0,0.864,0.636,4.626,0.0,,7.0,200.0,6,131,2023-1,225.0,3.111,0.0,0.0,0.0,1.333,0.444,0.444,4.889,2.667,0.0,0.0,6.222,1.333,0.0,0.0,1.778,0.889,4.889,0.0,1.333,3.111,0.444,4.0,0.0,0.0,0.444,0.444,0.0,1.333,0.0,3.556,3.111,0.0,0.0,0.0,4.889,21.778,2.667,4.889,2.222,2.222,3.111,0.444,0.0,1.333,0.0,0.889,2.667,1.778,1.778,1.333,0.0,0.0,2.222,0.0,0.0,0.0,0.0,0.0,0.0,0.0,0.0,0.0,0.0,0.0,0.0,0.0,0.0,0.0,0.0,0.0,0.0,0.0,0.0,0.0,0.0,0.0,0.0,0.0,0.0,0.0,0.0,0.0,0.0,0.0,0.0,0.0,0.0,0.0,0.0,0.0,0.0,0.0,0.0,0.0,0.0,0.0,0.0,0.0,0.0,0.0,0.0,0.0,0.0,0.0,0.0,0.0,0.0,0.0,0.0,0.0,0.0,0.0,3.556,2.667,0.889,0.0,0.0,0.444,1.333,0.0,0.0,0.0,0.0,0.0,0.0,4.889,0.0,0.0,0.0,1.333,2.667,2.222,1.778,0.0,0.444,1.333,0.0,0.0,1.333,0.0,2.222,0.889,-0.444,7.111,3.111,7.111,0.889,2023a,C989KP,0.32306957
2250,43,Switzerland,10,0.0,2015-10-18,201510,43220,Swiss Labour Party,PdAS/PdTS,20,,339,5,2018.0,0.864,0.636,0.401,0.0,,1.0,200.0,1,131,2023-1,353.0,0.283,0.283,0.0,3.116,0.0,5.382,1.7,0.283,0.0,6.516,4.249,1.983,9.915,0.0,0.0,0.0,0.283,0.0,0.283,2.833,0.0,0.0,0.0,0.0,0.0,0.567,0.0,0.0,0.0,0.0,1.416,4.533,3.399,0.0,16.431,0.0,5.949,2.55,1.133,8.215,0.0,3.966,0.0,0.0,0.85,0.0,1.7,0.283,1.133,1.7,0.0,6.516,0.0,2.266,0.283,0.0,0.0,0.0,0.0,0.0,0.0,0.0,0.0,0.0,0.0,0.0,0.0,0.0,0.0,0.0,0.0,0.0,0.0,0.0,0.0,0.0,0.0,0.0,0.0,0.0,0.0,0.0,0.0,0.0,0.0,0.0,0.0,0.0,0.0,0.0,0.0,0.0,0.0,0.0,0.0,0.0,0.0,0.0,0.0,0.0,0.0,0.0,0.0,0.0,0.0,0.0,0.0,0.0,0.0,0.0,0.0,2.266,0.85,1.133,0.85,1.416,0.0,0.567,7.932,2.833,0.0,0.0,0.0,0.0,0.0,0.0,0.0,0.0,0.0,0.0,0.85,0.283,0.283,1.133,0.0,0.85,0.85,0.0,0.0,0.0,0.0,2.266,0.0,-41.36,4.533,0.0,9.348,7.082,2023a,4JUQB5,0.32306957
2251,43,Switzerland,10,0.0,2015-10-18,201510,43320,Social Democratic Party of Switzerland,SPS/PSS,30,,339,5,2018.0,0.864,0.636,18.841,0.0,,43.0,200.0,1,131,2023-1,130.0,0.769,0.0,0.0,0.0,0.0,0.0,0.0,0.769,4.615,0.0,0.0,1.538,3.077,0.0,0.0,0.0,0.0,0.0,0.0,6.154,0.0,0.0,3.846,0.0,0.0,0.0,0.0,0.0,0.0,0.0,5.385,5.385,0.0,0.0,0.0,0.0,4.615,0.0,17.692,25.385,0.0,4.615,0.0,0.769,0.769,0.0,2.308,0.0,0.0,0.0,0.0,12.308,0.0,0.0,0.0,0.0,0.0,0.0,0.0,0.0,0.0,0.0,0.0,0.0,0.0,0.0,0.0,0.0,0.0,0.0,0.0,0.0,0.0,0.0,0.0,0.0,0.0,0.0,0.0,0.0,0.0,0.0,0.0,0.0,0.0,0.0,0.0,0.0,0.0,0.0,0.0,0.0,0.0,0.0,0.0,0.0,0.0,0.0,0.0,0.0,0.0,0.0,0.0,0.0,0.0,0.0,0.0,0.0,0.0,0.0,0.0,0.0,0.0,0.0,1.538,3.077,0.0,0.0,0.0,6.154,0.0,0.0,0.0,0.0,0.0,0.0,0.0,0.769,0.0,0.0,0.769,0.0,0.0,0.0,0.0,0.0,0.0,0.0,0.0,0.0,0.0,0.0,0.0,-46.923,9.231,0.0,43.077,0.0,2023a,LUJPID,0.32306957
2252,43,Switzerland,10,0.0,2015-10-18,201510,43420,FDP.The Liberals,FDP/PLR,40,,339,5,2018.0,0.864,0.636,16.397,0.0,,33.0,200.0,6,131,2023-1,111.0,0.901,1.802,0.0,0.0,0.0,0.0,0.901,6.306,0.0,5.405,6.306,9.91,10.811,0.0,0.0,4.505,0.0,4.505,0.0,8.108,0.901,0.0,2.703,0.0,0.0,0.0,0.0,0.0,0.0,9.91,1.802,0.0,0.0,0.0,0.0,0.0,4.505,0.0,0.0,0.0,0.0,2.703,0.0,9.009,0.0,0.0,0.0,3.604,0.0,0.901,2.703,1.802,0.0,0.0,0.0,0.0,0.0,0.0,0.0,0.0,0.0,0.0,0.0,0.0,0.0,0.0,0.0,0.0,0.0,0.0,0.0,0.0,0.0,0.0,0.0,0.0,0.0,0.0,0.0,0.0,0.0,0.0,0.0,0.0,0.0,0.0,0.0,0.0,0.0,0.0,0.0,0.0,0.0,0.0,0.0,0.0,0.0,0.0,0.0,0.0,0.0,0.0,0.0,0.0,0.0,0.0,0.0,0.0,0.0,0.0,0.0,0.0,0.0,9.009,0.901,9.009,0.0,0.0,1.802,8.108,0.0,0.0,0.0,0.0,0.0,0.0,0.0,9.009,0.0,0.0,0.0,3.604,0.0,0.0,0.0,0.901,0.0,0.0,0.0,2.703,0.0,0.0,0.0,6.306,2.703,0.901,0.0,0.901,2023a,YX8YVP,0.32306957
2253,43,Switzerland,10,0.0,2015-10-18,201510,43520,Christian Democratic People’s Party of Switzerland,CVP/PDC,50,,339,5,2018.0,0.864,0.636,11.716,0.0,,28.0,200.0,1,131,2023-1,278.0,0.0,0.0,0.0,0.0,0.0,0.0,0.0,1.799,1.799,0.0,0.36,0.36,0.719,0.0,0.0,3.597,1.079,1.079,0.0,3.597,0.719,2.878,5.755,0.0,0.0,0.0,0.36,0.0,0.0,0.36,7.914,0.0,0.719,0.0,0.0,0.0,4.317,0.0,0.719,17.626,2.518,2.518,0.0,4.676,2.878,1.439,1.799,12.23,1.799,2.878,3.597,1.079,0.0,0.0,6.115,0.0,0.719,0.0,0.0,0.0,0.0,0.0,0.0,0.0,0.0,0.0,0.0,0.0,0.0,0.0,0.0,0.0,0.0,0.0,0.0,0.0,0.0,0.0,0.0,0.0,0.0,0.0,0.0,0.0,0.0,0.0,0.0,0.0,0.0,0.0,0.0,0.0,0.0,0.0,0.0,0.0,0.0,0.0,0.0,0.0,0.0,0.0,0.0,0.0,0.0,0.0,0.0,0.0,0.0,0.0,0.0,0.0,0.0,0.0,0.36,0.719,0.0,0.0,0.0,3.597,0.0,0.0,0.0,0.0,0.0,0.0,0.0,1.439,3.237,0.0,2.878,12.23,0.0,1.799,0.0,0.0,2.878,0.0,0.0,3.597,0.0,0.0,0.0,0.36,5.755,0.719,18.345,0.0,2023a,IH84HB,0.32306957
2254,43,Switzerland,10,0.0,2015-10-18,201510,43530,Protestant People’s Party of Switzerland,EVP/PEV,50,,339,5,2018.0,0.864,0.636,1.895,0.0,,2.0,200.0,6,131,2023-1,555.0,4.685,1.441,0.0,0.0,1.261,1.441,0.0,2.883,0.0,0.541,1.081,3.604,2.162,0.36,0.0,0.721,2.703,1.622,1.081,0.0,0.36,0.36,5.405,0.0,0.18,0.901,0.18,0.0,0.0,0.0,7.568,3.423,0.721,2.703,0.0,6.667,9.73,0.36,2.703,5.586,1.802,3.784,0.18,0.541,3.243,6.126,0.0,2.703,1.622,1.802,0.36,2.342,0.0,1.802,0.18,0.0,1.081,0.0,0.0,0.0,0.0,0.0,0.0,0.0,0.0,0.0,0.0,0.0,0.0,0.0,0.0,0.0,0.0,0.0,0.0,0.0,0.0,0.0,0.0,0.0,0.0,0.0,0.0,0.0,0.0,0.0,0.0,0.0,0.0,0.0,0.0,0.0,0.0,0.0,0.0,0.0,0.0,0.0,0.0,0.0,0.0,0.0,0.0,0.0,0.0,0.0,0.0,0.0,0.0,0.0,0.0,0.0,0.0,1.081,2.523,0.36,0.0,0.36,1.441,0.0,0.0,0.0,0.0,0.0,0.0,0.0,6.667,0.0,0.541,0.0,3.243,2.703,4.324,1.622,0.0,0.541,1.261,0.0,0.0,0.36,0.0,1.802,0.0,-7.027,8.829,3.063,8.288,1.441,2023a,SWCT8R,0.32306957
2255,43,Switzerland,10,0.0,2015-10-18,201510,43810,Swiss People’s Party,SVP/UDC,70,,339,5,2018.0,0.864,0.636,29.386,0.0,,65.0,200.0,1,131,2023-1,1329.0,0.226,0.0,0.0,0.0,4.214,0.075,0.075,1.204,0.15,6.245,4.966,1.58,2.032,0.0,0.0,2.634,0.0,5.418,0.0,2.784,10.008,1.43,4.816,0.0,0.0,0.0,0.677,0.0,0.0,0.15,7.299,0.075,0.0,0.527,0.0,0.451,1.354,2.558,0.527,1.279,4.966,1.505,0.0,8.126,0.226,5.493,0.0,5.944,1.053,0.376,4.816,0.527,0.0,3.687,0.376,0.0,0.15,0.0,0.0,0.0,0.0,0.0,0.0,0.0,0.0,0.0,0.0,0.0,0.0,0.0,0.0,0.0,0.0,0.0,0.0,0.0,0.0,0.0,0.0,0.0,0.0,0.0,0.0,0.0,0.0,0.0,0.0,0.0,0.0,0.0,0.0,0.0,0.0,0.0,0.0,0.0,0.0,0.0,0.0,0.0,0.0,0.0,0.0,0.0,0.0,0.0,0.0,0.0,0.0,0.0,0.0,0.0,0.0,1.58,0.0,1.204,0.075,0.0,0.828,2.408,0.376,0.0,0.0,0.0,0.0,0.0,0.451,1.129,6.998,0.0,0.226,5.944,0.15,1.053,0.0,0.376,0.0,0.0,0.301,4.515,0.0,3.687,0.0,35.214,4.891,10.534,1.806,0.15,2023a,KFUBHS,0.32306957
2256,43,Switzerland,10,0.0,2015-10-18,201510,43811,Conservative Democratic Party of Switzerland,BDP/PBD,60,,339,5,2018.0,0.864,0.636,4.104,0.0,,7.0,200.0,1,131,2023-1,329.0,0.0,0.0,0.0,0.0,3.951,0.0,0.0,12.462,1.824,1.52,0.912,1.52,2.736,0.0,0.0,1.824,0.304,4.255,0.0,0.608,1.824,0.0,2.736,0.0,0.0,0.0,0.0,0.0,0.0,0.0,14.286,0.0,0.0,2.128,0.0,2.736,3.04,0.608,6.079,9.726,1.824,4.559,0.0,1.52,1.52,0.0,1.52,7.599,0.912,0.608,1.216,0.304,0.0,0.608,1.216,0.0,1.52,0.0,0.0,0.0,0.0,0.0,0.0,0.0,0.0,0.0,0.0,0.0,0.0,0.0,0.0,0.0,0.0,0.0,0.0,0.0,0.0,0.0,0.0,0.0,0.0,0.0,0.0,0.0,0.0,0.0,0.0,0.0,0.0,0.0,0.0,0.0,0.0,0.0,0.0,0.0,0.0,0.0,0.0,0.0,0.0,0.0,0.0,0.0,0.0,0.0,0.0,0.0,0.0,0.0,0.0,0.0,0.0,0.304,1.216,2.432,0.0,0.0,0.304,0.608,0.0,0.0,0.0,0.0,0.0,0.0,2.736,0.304,1.216,0.0,1.52,7.599,0.0,0.912,0.0,0.608,0.0,0.0,0.0,1.216,0.0,0.608,0.0,-10.638,2.736,3.951,15.805,0.0,2023a,3E458A,0.32306957
2257,43,Switzerland,10,0.0,2015-10-18,201510,43902,Geneva Citizens' Movement,MCG,90,,339,5,2018.0,0.864,0.636,0.325,0.0,,1.0,200.0,1,131,2023-1,21.0,0.0,0.0,0.0,0.0,4.762,0.0,0.0,0.0,0.0,0.0,9.524,4.762,4.762,0.0,0.0,0.0,0.0,4.762,0.0,4.762,0.0,4.762,0.0,0.0,0.0,9.524,0.0,4.762,0.0,0.0,0.0,0.0,0.0,0.0,0.0,0.0,0.0,0.0,0.0,0.0,9.524,0.0,0.0,19.048,0.0,9.524,0.0,9.524,0.0,0.0,0.0,0.0,0.0,0.0,0.0,0.0,0.0,0.0,0.0,0.0,0.0,0.0,0.0,0.0,0.0,0.0,0.0,0.0,0.0,0.0,0.0,0.0,0.0,0.0,0.0,0.0,0.0,0.0,0.0,0.0,0.0,0.0,0.0,0.0,0.0,0.0,0.0,0.0,0.0,0.0,0.0,0.0,0.0,0.0,0.0,0.0,0.0,0.0,0.0,0.0,0.0,0.0,0.0,0.0,0.0,0.0,0.0,0.0,0.0,0.0,0.0,0.0,0.0,4.762,0.0,0.0,0.0,0.0,4.762,4.762,0.0,0.0,0.0,0.0,0.0,0.0,0.0,4.762,14.286,0.0,0.0,9.524,0.0,0.0,0.0,0.0,0.0,0.0,0.0,0.0,0.0,0.0,0.0,52.381,0.0,0.0,0.0,0.0,2023a,BEIVRY,0.32306957
2338,51,United Kingdom,10,10.0,2015-05-07,201505,51110,Green Party of England and Wales,GPEW,10,,319,4,2015.0,0.829,0.72,3.8,0.0,,1.0,650.0,1,110,2023-1,2233.0,0.896,0.0,0.0,0.0,0.224,1.03,0.896,4.299,0.806,0.224,0.403,2.418,2.687,0.045,0.672,2.463,0.0,0.269,0.851,1.388,0.0,0.09,6.852,0.0,0.0,0.09,0.0,0.851,0.313,0.09,1.299,0.627,3.09,0.045,0.0,7.479,19.749,0.627,16.838,10.793,0.045,3.896,0.0,0.045,0.0,0.134,0.0,0.179,3.403,0.537,0.0,2.866,0.0,0.09,0.0,0.0,0.403,0.0,0.0,0.0,0.0,0.0,0.0,0.0,0.0,0.0,0.0,0.0,0.0,0.0,0.0,0.0,0.0,0.0,0.0,0.0,0.0,0.0,0.0,0.0,0.0,0.0,0.0,0.0,0.0,0.0,0.0,0.0,0.0,0.0,0.0,0.0,0.0,0.0,0.0,0.0,0.0,0.0,0.0,0.0,0.0,0.0,0.0,0.0,0.0,0.0,0.0,0.0,0.0,0.0,0.0,,,,,,,,,,,,,,,,,,,,,,,,,,,,,,,,,-29.109,7.479,0.045,27.631,1.926,2023a,4DO9TC,0.33311963
2339,51,United Kingdom,10,10.0,2015-05-07,201505,51210,We Ourselves,SF,20,,319,4,2015.0,0.829,0.72,0.573,0.0,,4.0,650.0,1,110,2023-1,272.0,0.0,0.0,0.0,0.0,0.0,0.0,1.471,0.0,2.206,0.0,0.0,3.676,3.309,0.0,2.574,15.809,0.0,1.471,0.0,0.735,0.0,5.882,0.735,0.0,0.368,0.0,0.0,0.0,0.0,3.676,4.044,0.735,0.0,0.0,0.0,0.368,0.735,0.735,9.559,9.559,0.0,1.103,0.0,0.0,22.059,0.0,0.0,0.0,2.574,1.103,0.0,5.515,0.0,0.0,0.0,0.0,0.0,0.0,0.0,0.0,0.0,0.0,0.0,0.0,0.0,0.0,0.0,0.0,0.0,0.0,0.0,0.0,0.0,0.0,0.0,0.0,0.0,0.0,0.0,0.0,0.0,0.0,0.0,0.0,0.0,0.0,0.0,0.0,0.0,0.0,0.0,0.0,0.0,0.0,0.0,0.0,0.0,0.0,0.0,0.0,0.0,0.0,0.0,0.0,0.0,0.0,0.0,0.0,0.0,0.0,0.0,,,,,,,,,,,,,,,,,,,,,,,,,,,,,,,,,-9.559,1.471,0.0,19.118,1.471,2023a,SOCV2O,0.33311963
2340,51,United Kingdom,10,10.0,2015-05-07,201505,51320,Labour Party,Labour,30,,319,4,2015.0,0.829,0.72,30.415,0.0,,232.0,650.0,1,110,2023-1,1009.0,0.0,0.198,0.0,0.0,3.072,0.892,0.595,3.37,2.874,0.0,0.099,2.478,4.361,0.0,0.892,5.352,0.0,0.694,0.099,0.297,0.297,0.793,8.127,0.396,0.297,0.099,0.0,0.099,0.991,1.288,4.757,1.189,0.297,4.262,0.0,0.198,4.262,1.883,5.748,12.785,0.595,4.361,0.0,3.667,0.0,0.0,0.099,7.73,2.081,0.099,0.595,6.938,0.0,0.496,0.0,0.0,0.297,0.0,0.0,0.0,0.0,0.0,0.0,0.0,0.0,0.0,0.0,0.0,0.0,0.0,0.0,0.0,0.0,0.0,0.0,0.0,0.0,0.0,0.0,0.0,0.0,0.0,0.0,0.0,0.0,0.0,0.0,0.0,0.0,0.0,0.0,0.0,0.0,0.0,0.0,0.0,0.0,0.0,0.0,0.0,0.0,0.0,0.0,0.0,0.0,0.0,0.0,0.0,0.0,0.0,0.0,,,,,,,,,,,,,,,,,,,,,,,,,,,,,,,,,-18.137,9.713,4.559,18.533,1.487,2023a,2XDMG9,0.33311963
2341,51,United Kingdom,10,10.0,2015-05-07,201505,51340,Social Democratic and Labour Party,SDLP,30,,319,4,2015.0,0.829,0.72,0.325,0.0,,3.0,650.0,1,110,2023-1,407.0,0.0,0.0,0.0,0.0,0.246,0.737,0.491,1.72,5.16,0.491,0.0,1.966,1.966,0.0,0.0,4.914,0.0,0.0,0.983,0.0,0.0,1.72,2.703,0.0,0.0,0.0,0.0,0.491,0.0,5.651,3.931,0.491,0.0,0.0,0.0,1.229,5.651,3.931,13.514,16.216,0.0,3.931,0.0,0.0,2.457,0.0,0.246,2.211,2.211,4.668,0.0,3.44,0.0,6.634,0.0,0.0,0.0,0.0,0.0,0.0,0.0,0.0,0.0,0.0,0.0,0.0,0.0,0.0,0.0,0.0,0.0,0.0,0.0,0.0,0.0,0.0,0.0,0.0,0.0,0.0,0.0,0.0,0.0,0.0,0.0,0.0,0.0,0.0,0.0,0.0,0.0,0.0,0.0,0.0,0.0,0.0,0.0,0.0,0.0,0.0,0.0,0.0,0.0,0.0,0.0,0.0,0.0,0.0,0.0,0.0,0.0,,,,,,,,,,,,,,,,,,,,,,,,,,,,,,,,,-23.342,3.194,0.0,29.73,1.229,2023a,OHIS8Z,0.33311963
2342,51,United Kingdom,10,10.0,2015-05-07,201505,51421,Liberal Democrats,LibDems,40,,319,4,2015.0,0.829,0.72,7.861,0.0,,8.0,650.0,1,110,2023-1,1917.0,1.304,0.156,0.0,0.0,2.243,0.782,1.043,3.86,2.66,0.0,0.782,7.512,4.225,0.0,0.522,3.756,0.0,1.252,0.0,0.104,0.469,1.252,6.416,0.104,0.156,0.365,0.0,0.0,0.156,1.513,4.538,0.522,0.104,1.826,0.0,2.608,9.859,0.574,15.232,10.12,0.313,4.486,0.0,0.365,0.0,0.156,0.052,3.391,0.73,0.469,0.104,2.4,0.0,1.513,0.0,0.0,0.0,0.0,0.0,0.0,0.0,0.0,0.0,0.0,0.0,0.0,0.0,0.0,0.0,0.0,0.0,0.0,0.0,0.0,0.0,0.0,0.0,0.0,0.0,0.0,0.0,0.0,0.0,0.0,0.0,0.0,0.0,0.0,0.0,0.0,0.0,0.0,0.0,0.0,0.0,0.0,0.0,0.0,0.0,0.0,0.0,0.0,0.0,0.0,0.0,0.0,0.0,0.0,0.0,0.0,0.0,,,,,,,,,,,,,,,,,,,,,,,,,,,,,,,,,-16.067,7.042,2.295,25.352,1.826,2023a,WULURL,0.33311963
2343,51,United Kingdom,10,10.0,2015-05-07,201505,51620,Conservative Party,Conservatives,60,,319,4,2015.0,0.829,0.72,36.882,0.0,,330.0,650.0,1,110,2023-1,1588.0,0.0,0.378,0.0,0.126,4.219,0.378,0.252,3.401,0.567,0.0,4.597,1.511,1.259,0.315,0.945,4.219,0.0,2.582,0.252,0.378,1.259,2.645,4.975,5.856,0.0,0.378,0.0,0.063,0.567,2.141,5.605,0.567,0.0,3.338,0.0,0.882,4.093,2.141,4.66,8.69,1.763,5.164,0.0,4.156,0.0,0.819,0.0,8.438,2.204,0.126,0.378,1.574,0.756,1.322,0.0,0.0,0.063,0.0,0.0,0.0,0.0,0.0,0.0,0.0,0.0,0.0,0.0,0.0,0.0,0.0,0.0,0.0,0.0,0.0,0.0,0.0,0.0,0.0,0.0,0.0,0.0,0.0,0.0,0.0,0.0,0.0,0.0,0.0,0.0,0.0,0.0,0.0,0.0,0.0,0.0,0.0,0.0,0.0,0.0,0.0,0.0,0.0,0.0,0.0,0.0,0.0,0.0,0.0,0.0,0.0,0.0,,,,,,,,,,,,,,,,,,,,,,,,,,,,,,,,,-1.574,11.398,4.597,13.35,0.63,2023a,G6L75Q,0.33311963
2344,51,United Kingdom,10,10.0,2015-05-07,201505,51621,Ulster Unionist Party,UUP,60,,319,4,2015.0,0.829,0.72,0.374,0.0,,2.0,650.0,1,110,2023-1,417.0,0.0,0.719,0.0,0.0,4.556,0.0,0.0,0.0,0.719,0.24,2.638,0.0,0.719,0.0,0.0,0.24,0.0,1.918,0.0,0.0,0.0,6.715,3.357,0.0,0.48,0.0,0.0,0.0,0.0,6.954,3.837,1.199,0.0,1.679,0.0,2.878,8.633,0.0,13.189,14.149,0.0,3.118,0.0,6.954,2.158,0.0,0.24,4.077,1.679,3.357,1.199,0.0,0.0,2.398,0.0,0.0,0.0,0.0,0.0,0.0,0.0,0.0,0.0,0.0,0.0,0.0,0.0,0.0,0.0,0.0,0.0,0.0,0.0,0.0,0.0,0.0,0.0,0.0,0.0,0.0,0.0,0.0,0.0,0.0,0.0,0.0,0.0,0.0,0.0,0.0,0.0,0.0,0.0,0.0,0.0,0.0,0.0,0.0,0.0,0.0,0.0,0.0,0.0,0.0,0.0,0.0,0.0,0.0,0.0,0.0,0.0,,,,,,,,,,,,,,,,,,,,,,,,,,,,,,,,,3.118,4.556,1.679,27.338,0.0,2023a,Y562XE,0.33311963
2345,51,United Kingdom,10,10.0,2015-05-07,201505,51901,The Party of Wales,PC,90,,319,4,2015.0,0.829,0.72,0.591,0.0,,3.0,650.0,1,110,2023-1,776.0,1.031,0.0,0.0,0.0,0.902,1.16,0.644,2.062,0.902,0.644,0.387,1.031,2.577,0.129,0.515,7.474,0.0,0.387,0.0,0.515,0.0,1.418,6.186,0.258,0.129,0.258,0.0,0.258,0.129,1.289,6.314,1.16,1.546,0.0,0.0,0.902,6.314,5.412,13.531,11.727,0.0,3.479,0.0,0.258,2.191,0.0,0.0,0.129,4.253,5.541,0.0,3.995,0.0,2.835,0.0,0.0,0.129,0.0,0.0,0.0,0.0,0.0,0.0,0.0,0.0,0.0,0.0,0.0,0.0,0.0,0.0,0.0,0.0,0.0,0.0,0.0,0.0,0.0,0.0,0.0,0.0,0.0,0.0,0.0,0.0,0.0,0.0,0.0,0.0,0.0,0.0,0.0,0.0,0.0,0.0,0.0,0.0,0.0,0.0,0.0,0.0,0.0,0.0,0.0,0.0,0.0,0.0,0.0,0.0,0.0,0.0,,,,,,,,,,,,,,,,,,,,,,,,,,,,,,,,,-26.418,7.603,0.0,25.258,1.804,2023a,E3A4RR,0.33311963
2346,51,United Kingdom,10,10.0,2015-05-07,201505,51902,Scottish National Party,SNP,90,,319,4,2015.0,0.829,0.72,4.733,0.0,,56.0,650.0,1,110,2023-1,892.0,0.0,0.0,0.0,0.0,2.018,1.794,0.112,1.233,2.466,0.0,0.112,1.233,2.354,0.0,0.336,11.435,0.0,0.336,0.0,1.009,0.0,6.054,7.623,2.242,1.121,0.448,0.0,0.224,2.691,1.794,5.717,1.906,0.785,1.794,0.0,1.682,3.587,1.009,8.296,13.901,0.0,4.372,0.0,0.112,2.354,0.0,0.0,2.691,0.112,0.224,0.0,2.915,0.0,1.906,0.0,0.0,0.0,0.0,0.0,0.0,0.0,0.0,0.0,0.0,0.0,0.0,0.0,0.0,0.0,0.0,0.0,0.0,0.0,0.0,0.0,0.0,0.0,0.0,0.0,0.0,0.0,0.0,0.0,0.0,0.0,0.0,0.0,0.0,0.0,0.0,0.0,0.0,0.0,0.0,0.0,0.0,0.0,0.0,0.0,0.0,0.0,0.0,0.0,0.0,0.0,0.0,0.0,0.0,0.0,0.0,0.0,,,,,,,,,,,,,,,,,,,,,,,,,,,,,,,,,-24.664,11.771,1.794,22.197,1.906,2023a,JW4JFA,0.33311963
2347,51,United Kingdom,10,10.0,2015-05-07,201505,51903,Democratic Unionist Party,DUP,90,,319,4,2015.0,0.829,0.72,0.6,0.0,,8.0,650.0,1,110,2023-1,229.0,0.873,0.0,0.0,0.0,1.31,0.0,1.31,0.0,0.0,0.0,1.31,0.0,3.493,1.31,3.93,3.493,3.057,9.607,0.437,2.62,0.437,5.24,2.62,0.0,0.0,0.0,0.0,0.0,0.0,11.354,3.057,0.0,0.0,0.873,0.0,0.0,0.437,0.0,9.607,5.677,0.873,3.493,0.0,19.214,2.183,0.0,0.0,0.873,0.873,0.0,0.0,0.437,0.0,0.0,0.0,0.0,0.0,0.0,0.0,0.0,0.0,0.0,0.0,0.0,0.0,0.0,0.0,0.0,0.0,0.0,0.0,0.0,0.0,0.0,0.0,0.0,0.0,0.0,0.0,0.0,0.0,0.0,0.0,0.0,0.0,0.0,0.0,0.0,0.0,0.0,0.0,0.0,0.0,0.0,0.0,0.0,0.0,0.0,0.0,0.0,0.0,0.0,0.0,0.0,0.0,0.0,0.0,0.0,0.0,0.0,0.0,,,,,,,,,,,,,,,,,,,,,,,,,,,,,,,,,16.594,2.62,1.31,15.284,1.31,2023a,DM37JN,0.33311963
2348,51,United Kingdom,10,10.0,2015-05-07,201505,51951,United Kingdom Independence Party,UKIP,95,,319,4,2015.0,0.829,0.72,12.629,0.0,,1.0,650.0,1,110,2023-1,1348.0,0.0,0.223,0.0,0.0,4.674,1.187,0.148,0.964,0.668,1.261,16.469,0.964,1.78,0.0,0.074,2.077,0.0,3.19,0.816,0.742,0.816,3.709,5.193,1.039,0.0,2.893,0.593,0.148,0.223,0.0,0.89,0.148,0.297,1.113,0.0,2.671,1.484,0.964,3.487,15.134,1.335,5.193,0.0,8.457,0.0,0.148,0.0,4.822,0.223,0.0,0.742,1.409,0.0,1.632,0.0,0.0,0.0,0.0,0.0,0.0,0.0,0.0,0.0,0.0,0.0,0.0,0.0,0.0,0.0,0.0,0.0,0.0,0.0,0.0,0.0,0.0,0.0,0.0,0.0,0.0,0.0,0.0,0.0,0.0,0.0,0.0,0.0,0.0,0.0,0.0,0.0,0.0,0.0,0.0,0.0,0.0,0.0,0.0,0.0,0.0,0.0,0.0,0.0,0.0,0.0,0.0,0.0,0.0,0.0,0.0,0.0,,,,,,,,,,,,,,,,,,,,,,,,,,,,,,,,,-7.789,6.38,1.929,18.62,1.335,2023a,RXZVXA,0.33311963
3637,81,Croatia,0,10.0,2015-11-08,201511,81032,Croatia is growing,,30,,279,5,2016.0,0.916,0.826,31.402,0.0,,56.0,151.0,8,111,2023-1,522.0,0.192,0.0,0.0,0.0,1.533,0.0,0.0,0.0,0.766,0.0,0.0,1.533,0.192,0.0,0.0,3.257,0.0,4.598,1.724,0.0,0.0,5.364,1.533,0.0,0.383,0.0,0.0,1.533,2.874,10.153,9.962,0.575,0.0,2.49,0.0,0.0,5.556,3.831,3.64,13.793,0.0,6.13,0.0,0.0,0.0,0.0,0.0,2.682,3.257,0.958,0.0,7.471,0.0,2.299,0.0,1.149,0.575,0.0,0.0,0.0,0.0,0.0,0.0,0.0,0.0,0.0,0.0,0.0,0.0,0.0,0.0,0.0,0.0,0.0,0.0,0.0,0.0,0.0,0.0,0.0,0.0,0.0,0.0,0.0,0.0,0.0,0.0,0.0,0.0,0.0,0.0,0.0,0.0,0.0,0.0,0.0,0.0,0.0,0.0,0.0,0.0,0.0,0.0,0.0,0.0,0.0,0.0,0.0,0.0,0.0,0.0,0.0,0.0,0.192,1.341,0.192,0.0,0.0,0.0,0.0,0.0,0.0,0.0,0.0,0.0,0.0,0.0,0.0,0.0,0.0,0.0,2.682,0.0,3.257,0.0,0.958,0.0,0.0,0.0,0.0,0.0,2.299,0.0,-12.835,2.107,2.49,17.433,0.0,2023a,7FBMMJ,0.31115314
3638,81,Croatia,0,10.0,2015-11-08,201511,81061,Patriotic Coalition,,60,,279,5,2016.0,0.916,0.826,32.592,0.0,,59.0,151.0,8,111,2023-1,396.0,0.0,2.778,0.0,0.0,1.768,0.0,0.0,2.778,0.505,0.0,0.0,0.0,0.0,0.0,0.0,0.505,0.0,6.566,0.253,0.0,0.505,12.626,1.263,0.0,0.758,0.758,0.0,1.768,0.253,4.798,13.131,0.0,0.253,1.263,0.0,0.253,3.788,2.778,2.02,9.091,0.0,3.535,0.0,4.798,0.0,4.293,0.0,5.303,0.758,0.505,0.0,4.545,0.0,3.788,0.253,0.758,1.01,0.0,0.0,0.0,0.0,0.0,0.0,0.0,0.0,0.0,0.0,0.0,0.0,0.0,0.0,0.0,0.0,0.0,0.0,0.0,0.0,0.0,0.0,0.0,0.0,0.0,0.0,0.0,0.0,0.0,0.0,0.0,0.0,0.0,0.0,0.0,0.0,0.0,0.0,0.0,0.0,0.0,0.0,0.0,0.0,0.0,0.0,0.0,0.0,0.0,0.0,0.0,0.0,0.0,0.0,0.0,0.0,0.0,0.0,0.0,0.0,0.0,0.0,0.0,0.0,0.0,0.0,0.0,0.0,0.0,0.253,4.798,0.0,0.0,0.0,5.303,0.0,0.758,0.0,0.505,0.0,0.0,0.0,0.0,0.0,3.788,0.0,9.091,1.263,1.768,11.111,0.0,2023a,BA9AOD,0.31115314
3639,81,Croatia,0,10.0,2015-11-08,201511,81091,Our Own Right,,90,,279,5,2016.0,0.916,0.826,1.783,0.0,,3.0,151.0,9,111,2023-1,31.0,0.0,0.0,0.0,0.0,0.0,0.0,0.0,0.0,0.0,0.0,0.0,0.0,0.0,0.0,0.0,29.032,0.0,3.226,0.0,0.0,0.0,6.452,0.0,0.0,0.0,0.0,0.0,0.0,0.0,6.452,12.903,0.0,0.0,0.0,0.0,0.0,3.226,3.226,0.0,6.452,0.0,12.903,0.0,0.0,0.0,0.0,0.0,0.0,0.0,0.0,0.0,9.677,0.0,6.452,0.0,0.0,0.0,0.0,0.0,0.0,0.0,0.0,0.0,0.0,0.0,0.0,0.0,0.0,0.0,0.0,0.0,0.0,0.0,0.0,0.0,0.0,0.0,0.0,0.0,0.0,0.0,0.0,0.0,0.0,0.0,0.0,0.0,0.0,0.0,0.0,0.0,0.0,0.0,0.0,0.0,0.0,0.0,0.0,0.0,0.0,0.0,0.0,0.0,0.0,0.0,0.0,0.0,0.0,0.0,0.0,0.0,0.0,0.0,0.0,0.0,0.0,0.0,0.0,0.0,0.0,0.0,0.0,0.0,0.0,0.0,0.0,0.0,0.0,0.0,0.0,0.0,0.0,0.0,0.0,0.0,0.0,0.0,0.0,0.0,0.0,0.0,6.452,0.0,-22.581,0.0,0.0,6.452,0.0,2023a,VGQROB,0.31115314
3640,81,Croatia,0,10.0,2015-11-08,201511,81450,People's Party - Reformists,NS-R,40,,279,5,2016.0,0.916,0.826,1.461,0.0,,1.0,151.0,1,111,2023-1,352.0,7.955,0.568,0.0,0.0,0.0,0.0,0.0,0.0,0.0,0.0,0.0,0.0,1.989,0.0,0.0,1.42,0.0,7.102,0.568,11.08,12.216,8.239,0.568,0.0,0.0,0.0,0.0,10.511,0.0,1.705,6.25,0.284,6.534,9.375,0.0,0.284,3.409,0.0,0.0,0.568,0.0,0.852,0.0,0.852,0.0,0.0,0.0,3.693,0.0,0.0,0.0,1.705,0.0,2.273,0.0,0.0,0.0,0.0,0.0,0.0,0.0,0.0,0.0,0.0,0.0,0.0,0.0,0.0,0.0,0.0,0.0,0.0,0.0,0.0,0.0,0.0,0.0,0.0,0.0,0.0,0.0,0.0,0.0,0.0,0.0,0.0,0.0,0.0,0.0,0.0,0.0,0.0,0.0,0.0,0.0,0.0,0.0,0.0,0.0,0.0,0.0,0.0,0.0,0.0,0.0,0.0,0.0,0.0,0.0,0.0,0.0,0.0,0.0,0.0,0.0,0.284,0.0,1.136,0.568,10.511,0.568,0.0,0.0,0.0,0.0,0.0,0.284,0.852,0.0,0.0,0.0,3.693,0.0,0.0,0.0,0.0,0.0,0.0,0.0,0.0,0.0,2.273,0.0,32.955,0.852,21.591,0.568,0.0,2023a,TWMQVP,0.31115314
3641,81,Croatia,0,10.0,2015-11-08,201511,81460,Bridge of Independent Lists,MOST,40,,279,5,2016.0,0.916,0.826,12.831,0.0,,19.0,151.0,9,111,2023-1,169.0,0.0,0.0,0.0,0.0,0.0,0.0,0.0,0.0,0.0,0.0,0.0,0.0,0.592,0.0,0.0,2.367,0.0,21.302,1.183,0.0,0.0,11.834,0.592,0.0,0.0,0.0,0.0,8.284,3.55,3.55,4.734,0.0,0.592,5.917,0.0,0.592,2.959,0.0,0.0,1.775,0.0,0.0,0.0,0.0,0.0,0.0,0.0,4.734,0.0,0.0,0.0,10.651,0.0,14.793,0.0,0.0,0.0,0.0,0.0,0.0,0.0,0.0,0.0,0.0,0.0,0.0,0.0,0.0,0.0,0.0,0.0,0.0,0.0,0.0,0.0,0.0,0.0,0.0,0.0,0.0,0.0,0.0,0.0,0.0,0.0,0.0,0.0,0.0,0.0,0.0,0.0,0.0,0.0,0.0,0.0,0.0,0.0,0.0,0.0,0.0,0.0,0.0,0.0,0.0,0.0,0.0,0.0,0.0,0.0,0.0,0.0,0.0,0.0,0.0,0.0,0.0,0.0,0.0,0.592,0.0,0.0,0.0,0.0,0.0,0.0,0.0,0.592,0.0,0.0,0.0,0.0,4.734,0.0,0.0,0.0,0.0,0.0,0.0,0.0,0.0,0.0,14.793,0.0,8.284,0.592,5.917,1.775,0.0,2023a,LO1MAM,0.31115314
3642,81,Croatia,0,10.0,2015-11-08,201511,81952,Croatian Democratic Assembly of Slavonia and Baranja,HDSSB,95,,279,5,2016.0,0.916,0.826,1.287,0.0,,2.0,151.0,1,111,2023-1,44.0,0.0,0.0,0.0,0.0,0.0,0.0,0.0,0.0,0.0,0.0,0.0,0.0,0.0,0.0,0.0,4.545,0.0,13.636,0.0,20.455,0.0,0.0,0.0,0.0,0.0,0.0,0.0,6.818,0.0,0.0,0.0,2.273,0.0,0.0,0.0,0.0,0.0,0.0,0.0,0.0,0.0,6.818,0.0,15.909,0.0,6.818,0.0,0.0,0.0,0.0,0.0,2.273,0.0,20.455,0.0,0.0,0.0,0.0,0.0,0.0,0.0,0.0,0.0,0.0,0.0,0.0,0.0,0.0,0.0,0.0,0.0,0.0,0.0,0.0,0.0,0.0,0.0,0.0,0.0,0.0,0.0,0.0,0.0,0.0,0.0,0.0,0.0,0.0,0.0,0.0,0.0,0.0,0.0,0.0,0.0,0.0,0.0,0.0,0.0,0.0,0.0,0.0,0.0,0.0,0.0,0.0,0.0,0.0,0.0,0.0,0.0,0.0,0.0,0.0,0.0,0.0,0.0,0.0,0.0,18.182,2.273,0.0,0.0,0.0,0.0,0.0,0.0,15.909,0.0,0.0,0.0,0.0,0.0,0.0,0.0,0.0,0.0,0.0,0.0,0.0,0.0,20.455,0.0,31.818,2.273,0.0,0.0,0.0,2023a,8HZ6S5,0.31115314
3643,81,Croatia,0,10.0,2015-11-08,201511,81960,Human Shield,,95,,279,5,2016.0,0.916,0.826,4.01,0.0,,1.0,151.0,1,111,2023-1,1107.0,8.311,0.542,0.0,1.987,0.0,1.445,0.542,1.987,0.0,0.542,1.626,2.258,0.632,0.0,1.716,0.0,0.0,0.994,3.704,0.361,0.0,1.626,8.672,0.0,0.0,0.09,0.09,4.246,0.0,1.265,0.0,0.181,0.09,2.078,0.0,0.452,3.162,0.0,8.943,18.157,0.0,13.64,0.0,0.181,0.0,0.0,0.723,0.361,0.181,0.0,0.0,0.723,0.0,8.311,0.09,0.0,0.09,0.0,0.0,0.0,0.0,0.0,0.0,0.0,0.0,0.0,0.0,0.0,0.0,0.0,0.0,0.0,0.0,0.0,0.0,0.0,0.0,0.0,0.0,0.0,0.0,0.0,0.0,0.0,0.0,0.0,0.0,0.0,0.0,0.0,0.0,0.0,0.0,0.0,0.0,0.0,0.0,0.0,0.0,0.0,0.0,0.0,0.0,0.0,0.0,0.0,0.0,0.0,0.0,0.0,0.0,0.0,1.987,1.355,0.903,0.542,0.0,0.0,0.09,0.361,0.0,0.0,0.0,0.0,0.0,0.0,0.452,0.181,0.0,0.0,0.0,0.361,5.872,0.181,0.0,0.0,0.0,0.0,0.0,0.0,0.0,8.311,0.0,-41.012,8.853,2.078,27.1,1.987,2023a,BDUW9I,0.31115314
3644,81,Croatia,0,10.0,2015-11-08,201511,81961,Milan Bandić 365 - The Party of Labour and Solidarity,,95,,279,5,2016.0,0.916,0.826,3.192,0.0,,2.0,151.0,6,111,2023-1,61.0,0.0,0.0,0.0,0.0,0.0,0.0,0.0,1.639,0.0,0.0,0.0,0.0,1.639,0.0,0.0,0.0,0.0,9.836,0.0,21.311,0.0,3.279,3.279,0.0,0.0,0.0,0.0,1.639,1.639,8.197,1.639,0.0,0.0,3.279,0.0,3.279,1.639,0.0,16.393,3.279,0.0,1.639,0.0,0.0,0.0,0.0,0.0,0.0,6.557,0.0,0.0,6.557,0.0,0.0,1.639,0.0,1.639,0.0,0.0,0.0,0.0,0.0,0.0,0.0,0.0,0.0,0.0,0.0,0.0,0.0,0.0,0.0,0.0,0.0,0.0,0.0,0.0,0.0,0.0,0.0,0.0,0.0,0.0,0.0,0.0,0.0,0.0,0.0,0.0,0.0,0.0,0.0,0.0,0.0,0.0,0.0,0.0,0.0,0.0,0.0,0.0,0.0,0.0,0.0,0.0,0.0,0.0,0.0,0.0,0.0,0.0,0.0,0.0,0.0,0.0,1.639,0.0,0.0,0.0,21.311,0.0,0.0,0.0,0.0,0.0,0.0,3.279,0.0,0.0,0.0,0.0,0.0,0.0,6.557,0.0,0.0,0.0,0.0,0.0,0.0,0.0,0.0,0.0,16.393,3.279,3.279,19.672,0.0,2023a,UAD7B6,0.31115314
3766,83,Estonia,10,10.0,2015-03-01,201503,83410,Social Democratic Party,SDE,30,,290,5,2015.0,0.88,0.72,15.186,0.0,,15.0,101.0,1,110,2023-1,941.0,0.213,0.106,0.0,0.0,5.42,0.0,0.0,1.594,0.425,0.0,0.0,0.531,3.082,0.0,0.0,7.545,0.0,3.826,0.213,0.0,1.169,6.27,1.063,0.85,0.0,0.0,0.0,6.376,0.0,1.169,2.444,0.531,0.531,0.0,0.0,1.594,3.932,4.995,4.57,12.327,0.0,9.139,0.0,1.382,0.0,0.0,0.0,5.951,0.531,2.444,1.169,3.826,0.0,4.251,0.0,0.319,0.213,0.0,0.0,0.0,0.0,0.0,0.0,0.0,0.0,0.0,0.0,0.0,0.0,0.0,0.0,0.0,0.0,0.0,0.0,0.0,0.0,0.0,0.0,0.0,0.0,0.0,0.0,0.0,0.0,0.0,0.0,0.0,0.0,0.0,0.0,0.0,0.0,0.0,0.0,0.0,0.0,0.0,0.0,0.0,0.0,0.0,0.0,0.0,0.0,0.0,0.0,0.0,0.0,0.0,0.0,0.0,0.0,0.106,0.425,1.594,0.0,1.382,0.106,0.0,0.0,0.0,0.0,0.0,0.0,0.0,1.594,1.382,0.0,0.0,0.0,5.951,0.0,0.531,0.0,2.444,0.0,0.0,1.169,0.0,0.0,4.251,0.0,-11.69,2.444,1.169,16.897,0.0,2023a,VR8QOT,0.3267033
3767,83,Estonia,10,10.0,2015-03-01,201503,83411,Estonian Center Party,K,40,,290,5,2015.0,0.88,0.72,24.812,0.0,,27.0,101.0,1,110,2023-1,653.0,0.306,0.0,0.0,0.0,6.891,0.0,0.459,3.216,0.613,0.0,0.0,0.459,4.441,0.153,0.0,4.9,0.0,0.153,0.0,0.459,0.153,2.297,0.766,0.306,0.306,0.0,0.0,3.522,0.0,1.531,4.441,0.459,0.306,0.0,0.0,0.153,4.594,5.36,4.594,19.449,0.0,8.882,0.0,1.991,0.0,0.153,0.0,7.504,0.153,1.225,0.306,3.675,0.0,3.522,0.306,0.613,1.378,0.0,0.0,0.0,0.0,0.0,0.0,0.0,0.0,0.0,0.0,0.0,0.0,0.0,0.0,0.0,0.0,0.0,0.0,0.0,0.0,0.0,0.0,0.0,0.0,0.0,0.0,0.0,0.0,0.0,0.0,0.0,0.0,0.0,0.0,0.0,0.0,0.0,0.0,0.0,0.0,0.0,0.0,0.0,0.0,0.0,0.0,0.0,0.0,0.0,0.0,0.0,0.0,0.0,0.0,0.0,0.0,0.153,0.306,1.225,0.0,1.685,1.531,0.459,0.0,0.0,0.0,0.0,0.0,0.0,0.153,1.991,0.0,0.0,0.0,7.504,0.0,0.153,0.0,1.225,0.0,0.0,0.306,0.0,0.0,3.522,0.0,-21.746,1.531,0.153,24.043,0.459,2023a,5X5L2P,0.3267033
3768,83,Estonia,10,10.0,2015-03-01,201503,83430,Estonian Reform Party,ER,40,,290,5,2015.0,0.88,0.72,27.688,0.0,,30.0,101.0,1,110,2023-1,1098.0,0.455,0.0,0.273,0.0,8.379,0.0,0.091,1.093,1.821,0.091,0.091,1.548,3.279,0.182,0.0,2.823,0.0,3.734,0.091,0.273,2.55,2.55,0.182,0.273,0.091,0.0,0.182,2.368,0.0,2.914,6.831,0.0,0.729,0.273,0.0,0.364,5.556,9.381,1.093,6.74,0.0,14.026,0.0,8.288,0.0,0.273,0.0,4.736,0.546,1.002,0.729,2.823,0.0,0.82,0.182,0.0,0.273,0.0,0.0,0.0,0.0,0.0,0.0,0.0,0.0,0.0,0.0,0.0,0.0,0.0,0.0,0.0,0.0,0.0,0.0,0.0,0.0,0.0,0.0,0.0,0.0,0.0,0.0,0.0,0.0,0.0,0.0,0.0,0.0,0.0,0.0,0.0,0.0,0.0,0.0,0.0,0.0,0.0,0.0,0.0,0.0,0.0,0.0,0.0,0.0,0.0,0.0,0.0,0.0,0.0,0.0,0.0,0.0,1.275,0.273,1.73,0.0,1.548,0.0,0.273,0.0,0.0,0.0,0.0,0.0,0.0,0.364,8.288,0.0,0.0,0.0,4.736,0.0,0.546,0.0,1.002,0.0,0.0,0.729,0.0,0.0,0.82,0.0,0.546,0.455,2.823,7.832,0.364,2023a,B1S9O7,0.3267033
3769,83,Estonia,10,10.0,2015-03-01,201503,83440,Free Party,EVA,60,,290,5,2015.0,0.88,0.72,8.688,0.0,,8.0,101.0,6,110,2023-1,737.0,1.085,0.0,0.95,0.0,4.071,0.0,0.0,1.493,0.407,0.136,0.271,1.9,5.563,0.407,0.0,6.649,0.0,1.493,0.271,3.121,1.764,3.256,3.121,0.0,0.0,0.0,0.136,7.463,0.0,0.136,3.256,0.271,0.136,0.543,0.0,1.493,1.764,3.935,2.578,17.368,0.0,5.97,0.0,5.563,0.0,2.307,0.0,2.171,2.849,0.136,1.221,1.493,0.0,2.035,0.407,0.0,0.814,0.0,0.0,0.0,0.0,0.0,0.0,0.0,0.0,0.0,0.0,0.0,0.0,0.0,0.0,0.0,0.0,0.0,0.0,0.0,0.0,0.0,0.0,0.0,0.0,0.0,0.0,0.0,0.0,0.0,0.0,0.0,0.0,0.0,0.0,0.0,0.0,0.0,0.0,0.0,0.0,0.0,0.0,0.0,0.0,0.0,0.0,0.0,0.0,0.0,0.0,0.0,0.0,0.0,0.0,0.0,0.0,1.493,0.407,2.578,0.0,2.849,0.136,2.849,0.0,0.271,0.0,0.0,0.0,0.543,0.95,5.563,0.0,0.0,0.0,2.171,0.0,2.849,0.0,0.136,0.0,0.0,1.221,0.0,0.0,2.035,0.0,-7.327,3.392,2.307,19.946,0.95,2023a,1GP9ZZ,0.3267033
3770,83,Estonia,10,10.0,2015-03-01,201503,83611,Pro Patria and Res Publica Union,IRL,60,,290,5,2015.0,0.88,0.72,13.7,0.0,,14.0,101.0,1,110,2023-1,1408.0,0.284,0.0,0.142,0.0,6.889,0.0,0.0,1.491,1.491,0.213,0.0,0.213,0.639,0.0,0.0,4.048,0.0,2.415,1.065,0.0,3.906,5.114,0.0,0.0,0.0,0.0,0.0,4.901,0.0,3.764,6.747,0.0,0.781,0.142,0.0,1.42,2.202,7.315,2.415,14.986,0.0,4.688,0.0,5.611,0.0,1.278,0.0,6.889,3.622,0.213,0.0,1.776,0.0,2.273,0.142,0.568,0.355,0.0,0.0,0.0,0.0,0.0,0.0,0.0,0.0,0.0,0.0,0.0,0.0,0.0,0.0,0.0,0.0,0.0,0.0,0.0,0.0,0.0,0.0,0.0,0.0,0.0,0.0,0.0,0.0,0.0,0.0,0.0,0.0,0.0,0.0,0.0,0.0,0.0,0.0,0.0,0.0,0.0,0.0,0.0,0.0,0.0,0.0,0.0,0.0,0.0,0.0,0.0,0.0,0.0,0.0,0.0,0.0,0.142,0.071,0.639,0.0,0.0,0.0,0.0,0.0,0.0,0.0,0.0,0.0,0.0,1.42,5.469,0.142,0.0,0.0,6.889,0.0,3.622,0.0,0.213,0.0,0.0,0.0,0.0,0.0,2.273,0.0,9.304,0.0,4.048,17.401,0.142,2023a,IN1E1D,0.3267033
3771,83,Estonia,10,10.0,2015-03-01,201503,83720,Conservative People's Party of Estonia,EKRE,70,,290,5,2015.0,0.88,0.72,8.146,0.0,,7.0,101.0,1,110,2023-1,445.0,0.449,0.0,1.348,0.0,6.966,0.0,0.0,1.798,0.0,2.472,0.449,0.449,8.989,0.674,0.0,6.067,0.0,2.022,0.674,1.124,0.449,2.921,1.124,0.0,0.0,0.0,0.0,4.045,0.0,2.921,2.697,0.225,1.124,0.449,0.0,0.899,3.82,4.27,1.124,5.393,0.674,5.618,0.0,12.809,0.0,2.247,0.0,8.315,1.573,0.0,0.225,1.573,0.0,1.798,0.0,0.225,0.0,0.0,0.0,0.0,0.0,0.0,0.0,0.0,0.0,0.0,0.0,0.0,0.0,0.0,0.0,0.0,0.0,0.0,0.0,0.0,0.0,0.0,0.0,0.0,0.0,0.0,0.0,0.0,0.0,0.0,0.0,0.0,0.0,0.0,0.0,0.0,0.0,0.0,0.0,0.0,0.0,0.0,0.0,0.0,0.0,0.0,0.0,0.0,0.0,0.0,0.0,0.0,0.0,0.0,0.0,0.0,0.0,0.449,0.0,2.697,0.0,4.719,1.573,1.124,0.0,0.0,0.0,0.0,0.0,0.0,0.899,12.135,0.674,0.0,0.0,8.315,0.0,1.573,0.0,0.0,0.0,0.0,0.0,0.225,0.0,1.798,0.0,12.809,1.348,0.899,6.517,1.348,2023a,LZYNRK,0.3267033
4258,92,Poland,10,10.0,2015-10-25,201510,92022,United Left,ZL,20,,250,5,2021.0,0.821,0.673,7.546,,,0.0,460.0,8,170,2023-1,734.0,0.0,0.0,0.0,0.0,0.409,0.409,0.136,2.452,0.954,0.0,0.0,2.18,4.632,0.954,0.0,0.409,0.0,2.861,0.545,0.272,0.0,0.681,2.589,1.09,0.0,0.0,0.0,0.0,0.409,1.499,7.221,0.681,0.545,0.0,0.0,2.452,7.221,4.496,7.629,13.351,0.0,7.221,0.0,0.272,0.545,0.0,7.084,4.087,0.136,0.0,0.0,8.583,0.0,5.995,0.0,0.0,0.0,0.0,0.0,0.0,0.0,0.0,0.0,0.0,0.0,0.0,0.0,0.0,0.0,0.0,0.0,0.0,0.0,0.0,0.0,0.0,0.0,0.0,0.0,0.0,0.0,0.0,0.0,0.0,0.0,0.0,0.0,0.0,0.0,0.0,0.0,0.0,0.0,0.0,0.0,0.0,0.0,0.0,0.0,0.0,0.0,0.0,0.0,0.0,0.0,0.0,0.0,0.0,0.0,0.0,0.0,0.0,0.0,0.272,1.907,4.632,0.0,0.0,0.0,0.272,0.0,0.0,0.0,0.0,0.0,0.0,2.452,0.272,0.0,0.0,0.545,4.087,0.0,0.136,0.0,0.0,0.0,0.0,0.0,0.0,0.0,5.995,0.0,-32.698,4.36,0.0,20.981,0.545,2023a,U3TJI1,0.31823528
4259,92,Poland,10,10.0,2015-10-25,201510,92435,Civic Platform,PO,40,,250,5,2020.0,0.777,0.659,24.088,0.0,,138.0,460.0,1,150,2023-1,1097.0,0.0,0.273,0.912,0.0,3.191,0.0,0.091,4.011,0.82,0.0,0.0,0.365,2.37,0.091,0.912,2.005,0.0,2.188,0.091,3.099,0.456,3.646,0.273,0.182,0.0,0.0,0.365,0.0,0.182,0.912,14.95,0.0,0.456,1.641,0.0,2.188,0.547,2.552,2.461,15.679,0.0,9.572,0.0,6.746,0.182,0.0,0.547,3.829,1.732,0.0,0.0,5.834,0.091,3.191,0.182,0.0,1.185,0.0,0.0,0.0,0.0,0.0,0.0,0.0,0.0,0.0,0.0,0.0,0.0,0.0,0.0,0.0,0.0,0.0,0.0,0.0,0.0,0.0,0.0,0.0,0.0,0.0,0.0,0.0,0.0,0.0,0.0,0.0,0.0,0.0,0.0,0.0,0.0,0.0,0.0,0.0,0.0,0.0,0.0,0.0,0.0,0.0,0.0,0.0,0.0,0.0,0.0,0.0,0.0,0.0,0.0,0.0,0.0,0.273,0.091,0.912,0.0,0.729,0.729,3.099,0.0,0.0,0.0,0.0,0.0,0.0,2.188,5.925,0.82,0.182,0.0,3.829,0.0,1.732,0.0,0.0,0.0,0.0,0.0,0.0,0.0,3.191,0.0,-13.309,0.456,2.097,18.14,1.003,2023a,IY3JQ4,0.31823528
4260,92,Poland,10,10.0,2015-10-25,201510,92436,Law and Justice,PiS,60,,250,5,2020.0,0.777,0.659,37.575,0.0,,235.0,460.0,1,150,2023-1,3422.0,0.0,0.117,0.614,0.263,3.594,0.0,0.058,0.906,0.438,1.023,3.098,1.344,4.676,0.146,0.468,1.373,0.205,2.133,5.348,7.89,0.088,5.348,1.169,0.672,0.0,0.117,0.029,0.088,0.0,0.76,5.669,0.263,1.607,1.052,0.0,1.257,0.789,3.419,2.688,7.744,0.0,7.89,0.0,8.036,0.0,2.338,0.0,8.065,0.818,0.0,0.0,2.572,0.0,3.741,0.0,0.029,0.058,0.0,0.0,0.0,0.0,0.0,0.0,0.0,0.0,0.0,0.0,0.0,0.0,0.0,0.0,0.0,0.0,0.0,0.0,0.0,0.0,0.0,0.0,0.0,0.0,0.0,0.0,0.0,0.0,0.0,0.0,0.0,0.0,0.0,0.0,0.0,0.0,0.0,0.0,0.0,0.0,0.0,0.0,0.0,0.0,0.0,0.0,0.0,0.0,0.0,0.0,0.0,0.0,0.0,0.0,0.117,0.146,0.438,0.906,1.987,0.0,0.146,2.542,4.617,0.76,0.205,0.0,2.309,0.0,0.058,1.198,8.036,0.0,0.0,0.0,8.065,0.0,0.76,0.058,0.0,0.0,0.0,0.0,0.0,0.0,3.741,0.0,10.812,2.104,1.14,10.432,0.672,2023a,SGGQI4,0.31823528
4261,92,Poland,10,10.0,2015-10-25,201510,92450,Modern,.N,40,,250,5,2020.0,0.777,0.659,7.601,0.0,,28.0,460.0,6,150,2023-1,1149.0,0.0,0.0,0.0,0.0,3.046,0.0,0.0,0.783,1.48,0.0,0.0,1.654,6.614,0.348,1.741,2.437,0.087,9.661,0.609,8.442,2.263,4.613,0.696,1.218,0.0,0.0,0.261,0.0,0.0,0.696,4.003,0.261,0.0,3.829,0.0,3.655,2.698,3.916,1.48,8.268,0.435,8.181,0.0,4.439,0.0,0.0,0.696,3.742,0.609,0.0,0.0,3.307,0.0,2.437,0.0,0.0,1.393,0.0,0.0,0.0,0.0,0.0,0.0,0.0,0.0,0.0,0.0,0.0,0.0,0.0,0.0,0.0,0.0,0.0,0.0,0.0,0.0,0.0,0.0,0.0,0.0,0.0,0.0,0.0,0.0,0.0,0.0,0.0,0.0,0.0,0.0,0.0,0.0,0.0,0.0,0.0,0.0,0.0,0.0,0.0,0.0,0.0,0.0,0.0,0.0,0.0,0.0,0.0,0.0,0.0,0.0,0.0,0.0,1.218,0.435,6.527,0.0,0.0,0.087,8.268,0.174,0.0,0.0,0.0,0.0,1.567,2.089,4.439,0.0,0.0,0.0,3.742,0.0,0.609,0.0,0.0,0.0,0.0,0.0,0.0,0.0,2.437,0.0,4.352,2.176,6.092,9.748,0.0,2023a,X9NVWZ,0.31823528
4262,92,Poland,10,10.0,2015-10-25,201510,92720,Kukiz'15,,70,,250,5,2020.0,0.777,0.659,8.809,0.0,,42.0,460.0,1,150,2023-1,452.0,0.0,0.0,0.0,3.097,6.637,0.0,0.0,0.221,0.0,1.991,8.186,0.0,7.965,0.221,8.85,3.761,0.0,12.611,13.717,6.858,0.0,0.0,5.31,3.982,0.0,1.327,0.0,0.0,0.0,0.0,0.0,0.442,1.327,3.982,0.0,0.0,0.0,0.0,2.655,0.0,0.0,0.0,0.0,2.876,1.991,0.0,0.0,0.221,1.327,0.0,0.0,0.0,0.0,0.442,0.0,0.0,0.0,0.0,0.0,0.0,0.0,0.0,0.0,0.0,0.0,0.0,0.0,0.0,0.0,0.0,0.0,0.0,0.0,0.0,0.0,0.0,0.0,0.0,0.0,0.0,0.0,0.0,0.0,0.0,0.0,0.0,0.0,0.0,0.0,0.0,0.0,0.0,0.0,0.0,0.0,0.0,0.0,0.0,0.0,0.0,0.0,0.0,0.0,0.0,0.0,0.0,0.0,0.0,0.0,0.0,0.0,0.0,3.097,0.0,0.0,3.982,0.0,0.885,3.097,5.752,0.664,0.0,0.0,0.442,0.0,0.0,0.0,2.876,0.0,1.991,0.0,0.221,0.0,1.327,0.0,0.0,0.0,0.0,0.0,0.0,0.0,0.442,0.0,-1.549,9.735,3.982,2.655,0.0,2023a,H4XCHK,0.31823528
4263,92,Poland,10,10.0,2015-10-25,201510,92811,Polish Peasants' Party,PSL,80,,250,5,2020.0,0.777,0.659,5.131,0.0,,16.0,460.0,1,150,2023-1,358.0,0.0,0.838,0.0,0.0,1.676,0.0,0.559,1.117,0.838,0.279,0.0,0.279,6.425,0.279,0.0,2.235,0.0,0.559,0.0,6.425,0.279,7.821,2.514,1.676,0.0,1.117,0.0,0.279,0.0,0.559,4.19,1.117,0.838,0.838,0.0,3.631,1.955,4.749,4.749,11.453,0.0,1.955,0.0,2.514,0.0,1.117,0.0,1.117,2.235,0.0,0.0,3.073,0.0,18.436,0.0,0.0,0.279,0.0,0.0,0.0,0.0,0.0,0.0,0.0,0.0,0.0,0.0,0.0,0.0,0.0,0.0,0.0,0.0,0.0,0.0,0.0,0.0,0.0,0.0,0.0,0.0,0.0,0.0,0.0,0.0,0.0,0.0,0.0,0.0,0.0,0.0,0.0,0.0,0.0,0.0,0.0,0.0,0.0,0.0,0.0,0.0,0.0,0.0,0.0,0.0,0.0,0.0,0.0,0.0,0.0,0.0,0.0,0.0,0.0,0.279,4.469,0.0,1.955,0.0,5.866,0.0,0.0,0.279,0.279,0.0,0.279,3.352,2.514,0.0,0.0,0.0,1.117,0.0,0.838,1.397,0.0,0.0,0.0,0.0,0.0,0.0,18.436,0.0,-7.263,5.307,1.117,16.201,0.559,2023a,TNDH59,0.31823528
4264,92,Poland,10,10.0,2015-10-25,201510,92953,German Minority,MN,90,,250,5,2020.0,0.777,0.659,0.181,0.0,,1.0,460.0,1,150,2023-1,218.0,0.0,5.046,0.0,0.0,0.0,0.459,0.0,0.0,1.376,0.0,0.0,2.294,4.128,0.0,0.0,16.055,0.0,0.0,0.0,2.294,0.0,5.963,0.459,0.0,0.0,0.0,0.0,0.459,0.0,0.0,17.431,0.0,0.0,0.0,0.0,0.0,0.917,1.835,4.587,5.046,0.0,9.174,0.0,0.0,0.0,2.752,0.0,0.917,5.505,3.211,0.0,3.211,0.0,4.128,0.0,0.0,2.752,0.0,0.0,0.0,0.0,0.0,0.0,0.0,0.0,0.0,0.0,0.0,0.0,0.0,0.0,0.0,0.0,0.0,0.0,0.0,0.0,0.0,0.0,0.0,0.0,0.0,0.0,0.0,0.0,0.0,0.0,0.0,0.0,0.0,0.0,0.0,0.0,0.0,0.0,0.0,0.0,0.0,0.0,0.0,0.0,0.0,0.0,0.0,0.0,0.0,0.0,0.0,0.0,0.0,0.0,0.0,0.0,1.835,0.459,2.294,0.0,1.835,0.0,1.835,0.0,0.0,0.0,0.0,0.459,0.0,0.0,0.0,0.0,0.0,0.0,0.917,0.0,5.505,0.0,1.376,0.459,1.376,0.0,0.0,0.0,4.128,0.0,-2.752,0.459,0.0,9.633,0.459,2023a,UTZQEI,0.31823528
